pair,i_a,j_b,center_dist,a_noise_sigma,a_n_spikes,a_snr_median,a_snr_p90,a_snr_max,a_spectral_hf_snr,a_psd_floor,b_noise_sigma,b_n_spikes,b_snr_median,b_snr_p90,b_snr_max,b_spectral_hf_snr,b_psd_floor,corr_raw,corr_hp,coh_hi
0,0,0,0.000,0.0229054,19,4.49405,5.43571,6.15073,2.06427,8.96442e-07,0.0240691,26,4.53153,5.66543,6.2711,2.37088,9.91897e-07,0.999264,0.969401,0.925249
1,1,1,0.000,0.0318595,0,nan,nan,nan,1.67054,1.61877e-06,0.0350542,1,4.29448,4.29448,4.29448,1.95591,1.88977e-06,0.996103,0.945218,0.859846
2,2,2,0.000,0.0357236,5,4.14519,4.38358,4.38625,0.880159,2.43337e-06,0.0378695,6,4.16642,4.37763,4.47064,0.940548,2.69741e-06,0.993872,0.950249,0.896167
3,3,3,0.000,0.0585962,0,nan,nan,nan,0.553805,6.98167e-06,0.0601005,0,nan,nan,nan,0.582567,7.30204e-06,0.994289,0.979124,0.956563
4,4,4,0.000,0.0336703,1,4.11708,4.11708,4.11708,1.27097,2.08404e-06,0.035878,2,4.15112,4.18878,4.19819,1.39857,2.2159e-06,0.997275,0.966595,0.925704
5,5,5,0.000,0.0578854,2,4.55814,4.79112,4.84937,0.718813,6.32505e-06,0.059313,3,4.5235,4.87826,4.96695,0.786651,6.53719e-06,0.996952,0.979092,0.957348
6,6,6,0.000,0.0218146,14,4.40998,5.35364,5.80972,1.46119,8.86209e-07,0.0218146,14,4.40998,5.35364,5.80972,1.46119,8.86209e-07,1,1,1
7,7,7,0.000,0.0311612,3,4.04504,4.99537,5.23295,1.49537,1.64498e-06,0.0329489,5,4.37161,5.12453,5.57972,1.47332,1.85455e-06,0.997448,0.960097,0.915986
8,8,8,0.000,0.0381854,1,4.34895,4.34895,4.34895,0.233519,3.20437e-06,0.0402224,1,4.43729,4.43729,4.43729,0.245888,3.44425e-06,0.993112,0.95441,0.909729
9,9,9,0.000,0.192564,31,5.04411,6.62536,8.26296,1.8449,7.19146e-05,0.192564,31,5.04411,6.62536,8.26296,1.8449,7.19146e-05,1,1,1
10,10,10,0.000,0.127683,10,4.981,9.07456,9.73548,0.949627,3.4778e-05,0.127683,10,4.981,9.07456,9.73548,0.949627,3.4778e-05,1,1,1
11,11,11,0.000,0.150765,23,7.25304,9.32604,10.9503,2.50756,4.34622e-05,0.166374,23,7.43564,9.22545,10.7735,2.61459,5.33905e-05,0.998496,0.978013,0.944234
12,12,12,0.000,0.162904,21,4.75781,6.90162,8.11077,1.62924,5.20012e-05,0.187857,22,4.91697,6.67294,7.86255,1.78563,6.59411e-05,0.99654,0.95882,0.907206
13,13,13,0.000,0.0663394,1,4.04484,4.04484,4.04484,1.01156,8.21777e-06,0.069581,0,nan,nan,nan,1.16307,8.82748e-06,0.994357,0.972861,0.942105
14,14,14,0.000,0.151853,39,8.22308,9.86121,12.8964,5.7582,3.81136e-05,0.159846,39,8.09242,9.83519,12.9754,5.77248,4.32285e-05,0.999121,0.990313,0.971797
15,15,15,0.000,0.0587184,1,4.84695,4.84695,4.84695,0.603557,6.81795e-06,0.0587184,1,4.84695,4.84695,4.84695,0.603557,6.81795e-06,1,1,1
16,16,16,0.000,0.0749677,1,4.04827,4.04827,4.04827,0.361376,1.18747e-05,0.0772787,0,nan,nan,nan,0.377206,1.23669e-05,0.99709,0.986031,0.971737
17,17,17,0.000,0.0377437,164,5.19942,6.93842,10.0805,0.12735,1.2722e-05,0.0377437,164,5.19942,6.93842,10.0805,0.12735,1.2722e-05,1,1,1
18,18,18,0.000,0.0477241,19,4.50133,5.1441,5.36531,1.26659,4.30483e-06,0.049099,21,4.55881,5.08021,5.42811,1.42854,4.37926e-06,0.997549,0.982554,0.962274
19,19,19,0.000,0.0344318,8,4.51234,5.2223,5.23907,1.27918,2.14659e-06,0.0344318,8,4.51234,5.2223,5.23907,1.27918,2.14659e-06,1,1,1
20,20,20,0.000,0.0903192,0,nan,nan,nan,0.4119,1.82561e-05,0.0903192,0,nan,nan,nan,0.4119,1.82561e-05,1,1,1
21,21,21,0.000,0.0321798,11,4.52778,5.04188,5.64954,2.09542,1.64237e-06,0.0335352,14,4.71025,5.17992,5.80816,2.09926,1.84834e-06,0.997886,0.962016,0.913862
22,22,22,0.000,0.158135,42,7.03116,8.54889,9.17446,2.28766,5.38304e-05,0.180259,42,6.61156,8.01714,9.13286,2.46782,6.42998e-05,0.997321,0.97679,0.942887
23,23,23,0.000,0.14316,37,5.24215,7.70646,10.3016,2.23777,3.83864e-05,0.161315,39,5.17727,7.38818,9.75289,2.43092,4.63564e-05,0.997246,0.973182,0.940782
24,24,24,0.000,0.0215158,9,4.63515,5.21799,5.51248,1.25993,8.85386e-07,0.0235549,31,4.56954,5.48293,6.25969,1.72229,1.06355e-06,0.99721,0.940999,0.877969
25,25,25,0.000,0.0536641,8,4.48921,5.49683,6.88143,0.568515,6.03492e-06,0.0570312,9,4.82558,5.79503,7.06443,0.69349,6.30894e-06,0.992059,0.964759,0.931695
26,26,26,0.000,0.0311654,0,nan,nan,nan,0.372523,2.10526e-06,0.0327581,1,4.05958,4.05958,4.05958,0.366049,2.40799e-06,0.99693,0.944544,0.886897
27,27,27,0.000,0.0240714,27,4.97651,5.74248,6.54813,1.67794,1.06322e-06,0.0240714,27,4.97651,5.74248,6.54813,1.67794,1.06322e-06,1,1,1
28,28,28,0.000,0.0461056,3,4.25071,4.53175,4.60201,1.17658,3.97645e-06,0.0472499,6,4.20177,5.0194,5.25328,1.30146,4.11372e-06,0.998232,0.97558,0.947968
29,29,29,0.000,0.119137,35,4.83115,8.95765,9.51142,1.18985,2.92107e-05,0.129758,39,5.11543,8.5442,9.32249,1.47587,3.22344e-05,0.997715,0.972064,0.941016
30,30,30,0.000,0.024736,11,4.74879,5.45119,5.57062,1.37178,1.09962e-06,0.0251259,13,5.00049,5.597,5.69425,1.44317,1.20128e-06,0.999122,0.975337,0.946935
31,31,31,0.000,0.0303738,9,4.48497,5.0999,6.84434,1.19647,1.74849e-06,0.0307963,9,4.55305,5.30391,7.08118,1.24995,1.80024e-06,0.999041,0.982112,0.962713
32,32,32,0.000,0.113065,34,5.87131,7.4053,10.5253,1.94588,2.62548e-05,0.120458,36,5.96782,7.83565,10.2302,1.9782,3.1095e-05,0.998729,0.974988,0.937846
33,33,33,0.000,0.157776,20,4.84718,7.79831,7.91195,1.95502,4.60187e-05,0.175643,27,4.6456,7.25798,8.05991,2.19631,5.6715e-05,0.998207,0.975257,0.943706
34,34,34,0.000,0.127133,14,4.41697,7.05305,8.96147,1.12403,3.05443e-05,0.142718,20,4.6762,6.82584,8.55362,1.19651,3.95698e-05,0.997892,0.957272,0.908141
35,35,35,0.000,0.0136854,23,4.76331,6.18788,7.89469,3.77184,2.64395e-07,0.0136854,23,4.76331,6.18788,7.89469,3.77184,2.64395e-07,1,1,1
36,36,36,0.000,0.0352677,18,5.14315,5.90728,6.43193,1.47614,2.50385e-06,0.0384268,26,4.95016,6.35023,7.03047,2.09268,2.57923e-06,0.997086,0.946868,0.886092
37,37,37,0.000,0.0481788,6,4.55795,5.11653,5.30545,0.706072,4.45178e-06,0.0491651,7,4.36367,5.54346,5.90289,0.776486,4.60074e-06,0.995272,0.978299,0.953921
38,38,38,0.000,0.0454531,1,4.44465,4.44465,4.44465,0.590812,4.43284e-06,0.0454531,1,4.44465,4.44465,4.44465,0.590812,4.43284e-06,1,1,1
39,39,39,0.000,0.0349778,17,4.6055,5.63616,6.02335,1.25705,2.32375e-06,0.0367638,19,5.18712,6.19887,7.0765,1.30253,2.71417e-06,0.997761,0.953973,0.902543
40,40,40,0.000,0.0585415,18,4.83996,5.1465,6.12986,1.07483,7.05275e-06,0.0618096,22,4.98286,5.91248,6.82112,1.19207,7.75745e-06,0.991576,0.962091,0.920556
41,41,41,0.000,0.0299445,5,4.50968,5.02152,5.11193,1.07591,1.77487e-06,0.0326304,11,4.65835,5.13671,5.33903,1.35643,2.1015e-06,0.996709,0.938138,0.871009
42,42,42,0.000,0.0500446,3,4.54021,4.68607,4.72254,0.751855,5.03447e-06,0.0516332,7,4.26865,5.00817,5.08331,0.771557,5.60679e-06,0.995732,0.968603,0.936882
43,43,43,0.000,0.0281432,4,4.39984,4.87785,5.05719,1.2577,1.4804e-06,0.0281432,4,4.39984,4.87785,5.05719,1.2577,1.4804e-06,1,1,1
44,44,44,0.000,0.152443,35,5.00374,7.6435,8.65574,2.07692,4.22692e-05,0.173854,39,5.01986,7.03164,8.41498,2.48309,5.40516e-05,0.997584,0.961031,0.905002
45,45,45,0.000,0.112869,0,nan,nan,nan,0.409022,2.9119e-05,0.0896309,0,nan,nan,nan,0.337493,1.5493e-05,0.977906,0.934409,0.937734
46,46,46,0.000,0.197187,7,6.03432,7.0094,7.15168,1.58319,6.66021e-05,0.197187,7,6.03432,7.0094,7.15168,1.58319,6.66021e-05,1,1,1
47,47,47,0.000,0.146658,4,6.74209,6.98514,7.026,0.347101,4.79679e-05,0.146658,4,6.74209,6.98514,7.026,0.347101,4.79679e-05,1,1,1
48,48,48,0.000,0.136796,43,5.46017,7.3972,10.2802,1.8916,3.8929e-05,0.149553,43,5.44143,7.42775,9.68585,2.00756,4.48354e-05,0.998607,0.982501,0.957236
49,49,49,0.000,0.048476,4,4.30639,4.94346,5.1543,0.817149,4.57004e-06,0.0491762,7,4.17161,4.92261,5.4995,0.882627,4.70774e-06,0.997419,0.980905,0.959053
50,50,50,0.000,0.0328937,9,4.3522,5.07534,5.6596,0.934784,2.34251e-06,0.034408,11,4.47071,5.32837,6.43653,0.890831,2.70114e-06,0.99728,0.963167,0.920407
51,51,51,0.000,0.0274581,16,4.50078,6.13758,6.47318,2.13406,1.3331e-06,0.0291117,26,4.30796,5.83333,6.43708,2.3512,1.4956e-06,0.998464,0.962157,0.91717
52,52,52,0.000,0.0330546,14,4.65818,5.11403,5.49432,1.40554,2.09807e-06,0.0330546,14,4.65818,5.11403,5.49432,1.40554,2.09807e-06,1,1,1
53,53,53,0.000,0.0343823,26,4.52342,5.31765,6.59573,1.17445,2.35184e-06,0.0351054,30,4.61241,5.41806,6.7612,1.24312,2.44362e-06,0.999069,0.9908,0.981128
54,54,54,0.000,0.0273025,2,4.25467,4.36394,4.39125,0.853305,1.48972e-06,0.0273025,2,4.25467,4.36394,4.39125,0.853305,1.48972e-06,1,1,1
55,55,55,0.000,0.19334,22,5.08858,6.61033,7.46295,0.834222,7.91598e-05,0.19334,22,5.08858,6.61033,7.46295,0.834222,7.91598e-05,1,1,1
56,56,56,0.000,0.159924,3,6.72259,6.81959,6.84384,0.33309,5.5958e-05,0.159924,3,6.72259,6.81959,6.84384,0.33309,5.5958e-05,1,1,1
57,57,57,0.000,0.0174223,19,4.5824,6.45045,7.67161,3.72316,4.24299e-07,0.0174223,19,4.5824,6.45045,7.67161,3.72316,4.24299e-07,1,1,1
58,58,58,0.000,0.0308781,11,4.43556,5.47326,5.93825,2.0661,1.60762e-06,0.0308781,11,4.43556,5.47326,5.93825,2.0661,1.60762e-06,1,1,1
59,59,59,0.000,0.044891,16,5.15988,6.42285,6.62402,1.15594,4.00338e-06,0.0466311,16,5.64803,7.12816,7.19731,1.37291,4.13815e-06,0.996306,0.963128,0.922157
60,60,60,0.000,0.0513849,12,4.43194,4.88138,5.33384,0.945806,5.5359e-06,0.054797,19,4.60781,5.11431,5.75388,1.09139,6.22736e-06,0.984959,0.954755,0.911347
61,61,61,0.000,0.0674515,7,4.62802,5.05874,5.42715,0.993819,8.38714e-06,0.0674515,7,4.62802,5.05874,5.42715,0.993819,8.38714e-06,1,1,1
62,62,62,0.000,0.038861,9,4.51654,4.82839,5.26166,1.63604,2.6121e-06,0.038861,9,4.51654,4.82839,5.26166,1.63604,2.6121e-06,1,1,1
63,63,63,0.000,0.0614029,17,4.6716,5.98184,6.72067,1.1463,7.71758e-06,0.0651426,23,4.55344,5.77757,6.84318,1.19499,8.39852e-06,0.989066,0.969241,0.932383
64,64,64,0.000,0.175568,64,5.92258,7.49877,8.88389,2.66646,6.29465e-05,0.199093,64,5.67534,7.21634,8.6697,2.84295,7.49533e-05,0.999264,0.982285,0.957896
65,65,65,0.000,0.144478,22,5.14371,8.08511,8.88939,1.57671,4.07404e-05,0.144478,22,5.14371,8.08511,8.88939,1.57671,4.07404e-05,1,1,1
66,66,66,0.000,0.0599285,0,nan,nan,nan,0.716904,6.93267e-06,0.0618438,0,nan,nan,nan,0.761671,7.79999e-06,0.991095,0.963028,0.926174
67,67,67,0.000,0.0643292,0,nan,nan,nan,0.391121,9.10082e-06,0.0643292,0,nan,nan,nan,0.391121,9.10082e-06,1,1,1
68,68,68,0.000,0.0280854,3,4.7176,4.73098,4.73433,0.865917,1.65597e-06,0.0280854,3,4.7176,4.73098,4.73433,0.865917,1.65597e-06,1,1,1
69,69,69,0.000,0.0530391,0,nan,nan,nan,0.431769,5.8071e-06,0.0546341,1,4.29552,4.29552,4.29552,0.345219,6.69077e-06,0.995862,0.97823,0.954952
70,70,70,0.000,0.0138534,142,13.8996,15.2008,16.1024,0.265196,2.44889e-06,0.0195183,146,27.8521,29.9895,30.7625,0.189709,1.82709e-05,0.699132,0.984127,0.955443
71,71,71,0.000,0.130621,35,6.83412,8.68286,10.2008,4.10621,3.22766e-05,0.147538,35,6.97398,8.56922,9.96635,4.60405,3.96852e-05,0.992933,0.968164,0.900306
72,72,72,0.000,0.0208075,12,4.33514,4.96884,5.37458,1.56006,7.75441e-07,0.0208075,12,4.33514,4.96884,5.37458,1.56006,7.75441e-07,1,1,1
73,73,73,0.000,0.0400024,10,4.14257,4.63244,4.79226,0.917134,3.15926e-06,0.0420555,14,4.41831,4.81918,5.32806,1.04674,3.36565e-06,0.995479,0.959226,0.919685
74,74,74,0.000,0.147314,34,5.02803,7.71696,8.01353,1.42346,4.20037e-05,0.147314,34,5.02803,7.71696,8.01353,1.42346,4.20037e-05,1,1,1
75,75,75,0.000,0.0179606,26,5.18139,7.35757,8.16928,2.78455,5.33414e-07,0.0179606,26,5.18139,7.35757,8.16928,2.78455,5.33414e-07,1,1,1
76,76,76,0.000,0.169219,23,4.45927,6.24582,7.11254,1.67626,5.14794e-05,0.169219,23,4.45927,6.24582,7.11254,1.67626,5.14794e-05,1,1,1
77,77,77,0.000,0.133982,34,9.79375,11.5865,12.4654,6.5373,3.18869e-05,0.141751,34,9.69531,11.5892,12.2281,6.84961,3.42972e-05,0.998643,0.99403,0.978733
78,78,78,0.000,0.033323,3,4.84957,4.99019,5.02534,1.17914,2.02513e-06,0.035079,9,4.45501,5.15223,5.63974,1.26396,2.26516e-06,0.99604,0.95402,0.906695
79,79,79,0.000,0.0226675,26,4.50737,5.35997,7.59739,1.79923,9.54617e-07,0.0246446,26,4.81752,5.76575,8.03511,2.15589,1.07304e-06,0.998202,0.95068,0.879266
80,80,80,0.000,0.148511,18,4.70998,8.20078,9.35505,1.57107,4.37971e-05,0.167208,18,5.01518,7.81678,8.97235,1.66886,5.36503e-05,0.998455,0.96591,0.922673
81,81,81,0.000,0.023281,17,4.65935,6.43558,6.77418,1.81821,9.36651e-07,0.0245481,22,4.77274,6.68518,7.60592,1.87344,1.04236e-06,0.998902,0.964252,0.920036
82,82,82,0.000,0.0310093,2,4.46115,4.51565,4.52927,0.801533,1.88002e-06,0.0323982,4,4.23139,4.97548,5.28189,0.762668,2.13525e-06,0.998304,0.96228,0.922733
83,83,83,0.000,0.0154972,42,59.2767,61.4663,62.5347,0.253415,3.64868e-06,0.0155045,42,59.3017,61.461,62.5443,0.257578,3.6415e-06,0.999998,0.999998,0.99999
84,84,84,0.000,0.0265185,4,4.27902,4.75372,4.91858,1.28088,1.33451e-06,0.0279161,10,4.35369,4.55274,4.64726,1.21012,1.52083e-06,0.99842,0.966547,0.927689
85,85,85,0.000,0.0315861,2,4.18721,4.27196,4.29315,0.924021,1.84981e-06,0.0315861,2,4.18721,4.27196,4.29315,0.924021,1.84981e-06,1,1,1
86,86,86,0.000,0.140116,33,5.56011,8.24494,10.5613,2.64471,3.64858e-05,0.153049,33,5.63122,8.01439,9.93333,2.45141,4.56224e-05,0.998994,0.974293,0.934331
87,87,87,0.000,0.16127,31,7.44776,8.36481,9.17243,2.26425,5.0455e-05,0.178547,30,7.29335,8.15752,9.26216,2.27227,6.26577e-05,0.998066,0.973516,0.93662
88,88,88,0.000,0.0450156,5,4.17468,4.35827,4.40309,0.600582,4.12678e-06,0.0480102,15,4.48969,4.83828,4.95028,0.618064,4.94439e-06,0.991393,0.938554,0.883526
89,89,89,0.000,0.135811,7,4.92009,8.13632,8.48305,0.982214,3.66951e-05,0.135811,7,4.92009,8.13632,8.48305,0.982214,3.66951e-05,1,1,1
90,90,90,0.000,0.15581,49,7.84923,8.97257,10.1283,4.42419,4.54708e-05,0.1695,49,7.65529,8.83453,9.88076,4.43821,5.31526e-05,0.997414,0.982777,0.949239
91,91,91,0.000,0.128862,20,4.5429,7.86705,9.01411,0.578496,3.73068e-05,0.139916,21,5.05864,7.98015,8.94082,0.747351,4.31509e-05,0.99564,0.97009,0.937902
92,92,92,0.000,0.162469,47,5.40362,6.71955,8.41212,1.74284,5.19732e-05,0.162469,47,5.40362,6.71955,8.41212,1.74284,5.19732e-05,1,1,1
93,93,93,0.000,0.0436582,4,4.64233,5.73506,6.11156,0.529204,4.04721e-06,0.044728,5,4.15224,5.68521,6.32603,0.581291,4.20824e-06,0.996997,0.977682,0.956193
94,94,94,0.000,0.0697074,4,4.34735,4.65495,4.72927,0.634559,9.72664e-06,0.0735973,5,4.30973,4.74914,4.86637,0.722768,1.07462e-05,0.989302,0.961861,0.917332
95,95,95,0.000,0.0350331,12,4.68378,5.11725,5.25508,1.28498,2.30131e-06,0.0358455,17,4.60525,5.17987,5.42538,1.45435,2.43065e-06,0.99749,0.960734,0.912342
96,96,96,0.000,0.14096,11,5.20848,8.98263,10.0578,1.48078,3.52698e-05,0.162843,16,4.69919,7.55042,9.81792,1.83214,4.422e-05,0.996339,0.942994,0.871108
97,97,97,0.000,0.0420741,8,4.5047,5.01253,5.3889,0.722366,3.52909e-06,0.0426728,10,4.55335,5.40555,5.88555,0.782343,3.72172e-06,0.996061,0.975953,0.950987
98,98,98,0.000,0.054319,3,4.34173,4.85694,4.98574,0.779369,6.02133e-06,0.0562194,5,4.54208,4.92733,5.10701,0.842528,6.21837e-06,0.997586,0.982718,0.964142
99,99,99,0.000,0.0194077,19,4.58122,5.82221,9.11049,2.35407,6.08678e-07,0.0194077,19,4.58122,5.82221,9.11049,2.35407,6.08678e-07,1,1,1
100,100,100,0.000,0.173332,19,5.0875,7.36606,7.99154,1.27774,5.96149e-05,0.199439,21,4.87861,6.91301,7.91384,1.37023,7.71692e-05,0.999122,0.975889,0.949279
101,101,101,0.000,0.0419899,2,4.064,4.08314,4.08792,0.508544,3.69624e-06,0.0432982,5,4.13917,4.34836,4.35559,0.582838,3.99434e-06,0.997154,0.966508,0.930088
102,102,102,0.000,0.0330838,23,4.41612,5.21013,5.68792,1.30784,2.04071e-06,0.0352357,33,4.68035,5.46224,6.42235,1.43106,2.34113e-06,0.996518,0.959932,0.915549
103,103,103,0.000,0.0396203,7,4.16314,5.23656,5.47392,1.51016,2.55926e-06,0.0404719,8,4.32913,5.52788,5.75007,1.56914,2.69051e-06,0.998742,0.975802,0.945921
104,104,104,0.000,0.185694,32,5.55665,7.08748,9.27294,2.59124,5.95977e-05,0.210966,32,5.39564,6.79018,9.10951,2.57073,7.56095e-05,0.999014,0.975267,0.94186
105,105,105,0.000,0.040717,2,4.14292,4.14581,4.14653,0.557976,3.48015e-06,0.0422622,9,4.15026,4.65958,4.68902,0.645489,3.89746e-06,0.994714,0.947588,0.898624
106,106,106,0.000,0.0301503,18,4.45402,4.76534,5.41485,1.27397,1.72816e-06,0.0301503,18,4.45402,4.76534,5.41485,1.27397,1.72816e-06,1,1,1
107,107,107,0.000,0.0341097,10,4.47871,4.87852,5.13339,1.38719,2.15427e-06,0.0351607,11,4.46534,5.10343,5.33803,1.37012,2.38728e-06,0.998756,0.973459,0.937604
108,108,108,0.000,0.0478509,22,4.55586,5.31929,6.44963,1.23275,4.18466e-06,0.049913,29,4.67333,5.43219,6.44207,1.42167,4.30686e-06,0.995909,0.970323,0.93591
109,109,109,0.000,0.0582243,3,4.24381,4.37286,4.40512,0.655225,6.96557e-06,0.0611315,6,4.11775,4.74554,5.02011,0.618746,7.90112e-06,0.994045,0.971427,0.942184
110,110,110,0.000,0.130917,24,9.24316,11.4972,11.8037,2.95014,3.67935e-05,0.141468,24,9.28648,11.3142,11.9124,3.08945,4.19273e-05,0.997987,0.981319,0.956336
111,111,111,0.000,0.0215937,6,4.23532,5.58722,6.07635,1.29541,8.56926e-07,0.0229584,9,4.22809,4.97502,5.67372,1.48134,9.34841e-07,0.997259,0.9522,0.900076
112,112,112,0.000,0.151323,15,4.80711,7.7167,7.94223,1.11573,4.68116e-05,0.169698,13,5.24792,7.2188,7.62868,1.09807,5.79043e-05,0.998691,0.978931,0.956091
113,113,113,0.000,0.0232334,8,4.25536,4.82817,5.83466,1.30166,9.64185e-07,0.0232334,8,4.25536,4.82817,5.83466,1.30166,9.64185e-07,1,1,1
114,114,114,0.000,0.0524557,7,4.19,4.2348,4.26182,0.384424,6.47045e-06,0.0539941,12,4.26751,4.63174,4.68455,0.430893,6.69468e-06,0.996744,0.980041,0.958249
115,115,115,0.000,0.0461058,11,4.18262,4.63704,5.11915,0.715712,4.27341e-06,0.0461058,11,4.18262,4.63704,5.11915,0.715712,4.27341e-06,1,1,1
116,116,116,0.000,0.0313892,8,4.26412,4.7406,4.98096,1.16365,1.85867e-06,0.0313892,8,4.26412,4.7406,4.98096,1.16365,1.85867e-06,1,1,1
117,117,117,0.000,0.127136,25,5.01521,8.46033,9.63546,1.62855,3.07138e-05,0.127136,25,5.01521,8.46033,9.63546,1.62855,3.07138e-05,1,1,1
118,118,118,0.000,0.0394608,13,4.54025,5.21363,5.54111,1.25078,3.03952e-06,0.0406021,16,4.53796,5.20494,5.49713,1.37236,3.19079e-06,0.99833,0.981854,0.960658
119,119,119,0.000,0.041548,24,4.85103,5.99699,6.78682,1.07544,3.44155e-06,0.041548,24,4.85103,5.99699,6.78682,1.07544,3.44155e-06,1,1,1
120,120,120,0.000,0.048394,8,4.32288,4.63727,4.77685,0.62355,4.6948e-06,0.0499886,12,4.72519,5.01668,5.14939,0.714758,5.05293e-06,0.994774,0.964132,0.933692
121,121,121,0.000,0.0441459,2,4.38928,4.46712,4.48658,0.719281,3.95428e-06,0.046022,2,4.38017,4.60404,4.66,0.777942,4.30115e-06,0.996138,0.963583,0.92277
122,122,122,0.000,0.0535121,1,4.05961,4.05961,4.05961,0.251487,6.91602e-06,0.0535121,1,4.05961,4.05961,4.05961,0.251487,6.91602e-06,1,1,1
123,123,123,0.000,0.032699,32,4.91671,6.98563,8.15331,1.88143,2.05179e-06,0.032699,32,4.91671,6.98563,8.15331,1.88143,2.05179e-06,1,1,1
124,124,124,0.000,0.0537287,6,4.61028,4.94709,5.09194,0.451386,6.55657e-06,0.0537287,6,4.61028,4.94709,5.09194,0.451386,6.55657e-06,1,1,1
125,125,125,0.000,0.0679808,7,4.36951,4.91339,5.24973,0.515386,9.70559e-06,0.0700536,7,4.47785,4.90508,5.11283,0.514703,1.03358e-05,0.997877,0.988518,0.977074
126,126,126,0.000,0.0312055,34,4.60718,5.32775,6.30196,1.66685,1.88915e-06,0.0332458,49,4.89223,5.78734,6.8972,1.89999,2.2586e-06,0.997656,0.960581,0.912409
127,127,127,0.000,0.0177734,63,53.6191,56.738,57.4884,0.0955063,9.90976e-06,0.0178021,63,53.5972,56.7199,57.4586,0.0941731,9.94367e-06,0.999976,0.999998,0.999989
128,128,128,0.000,0.0403704,12,4.99231,5.70503,6.30053,1.37484,2.99972e-06,0.0408625,11,5.30463,5.95827,6.40913,1.37332,3.15188e-06,0.998862,0.984621,0.964336
129,129,129,0.000,0.044587,2,4.13928,4.18956,4.20213,0.725914,4.11833e-06,0.044587,2,4.13928,4.18956,4.20213,0.725914,4.11833e-06,1,1,1
130,130,130,0.000,0.0652746,7,4.40546,5.23693,5.32065,0.554476,8.75994e-06,0.0663321,6,4.73588,5.41702,5.6558,0.565249,9.05342e-06,0.99836,0.992116,0.985818
131,131,131,0.000,0.0188715,22,4.74299,5.77574,10.2658,2.35434,6.15266e-07,0.0204199,33,4.88749,6.6315,11.7935,2.79788,7.51661e-07,0.999221,0.953687,0.896295
132,132,132,0.000,0.0677236,0,nan,nan,nan,0.558685,8.48017e-06,0.069617,0,nan,nan,nan,0.601008,8.97317e-06,0.992611,0.966526,0.929709
133,133,133,0.000,0.0238741,4,6.32033,6.98481,7.19875,0.757211,1.21642e-06,0.0255626,4,7.49692,7.62607,7.65591,0.802536,1.48941e-06,0.994338,0.931888,0.859881
134,134,134,0.000,0.0388087,7,4.44991,5.48397,5.94326,1.19892,2.87146e-06,0.0413426,10,4.73679,5.56937,6.0118,1.39939,3.11834e-06,0.996703,0.952469,0.905401
135,135,135,0.000,0.0160112,114,26.3269,30.7113,62.0893,0.188929,6.00257e-06,0.0163767,112,32.1558,37.3023,58.1651,0.136679,9.41613e-06,0.993584,0.995359,0.993753
136,136,136,0.000,0.124683,9,4.74534,9.94946,10.394,1.31243,3.05902e-05,0.133926,8,5.11967,9.80024,10.4984,1.57923,3.28789e-05,0.998852,0.974446,0.941276
137,137,137,0.000,0.134518,6,5.28598,8.2224,9.11171,0.532091,3.88343e-05,0.148467,6,4.86454,8.02431,9.13199,0.460387,4.98217e-05,0.995783,0.958595,0.915459
138,138,138,0.000,0.159087,38,7.76175,8.80175,11.0004,3.55271,4.54407e-05,0.159087,38,7.76175,8.80175,11.0004,3.55271,4.54407e-05,1,1,1
139,139,139,0.000,0.117011,17,10.1151,11.609,12.235,2.4045,2.82399e-05,0.125118,17,9.85463,11.4014,12.5013,2.48748,3.14209e-05,0.998124,0.981209,0.956784
140,140,140,0.000,0.0479751,4,4.57935,4.82403,4.84918,1.01951,4.07e-06,0.0489309,7,4.39107,5.01066,5.10529,0.987975,4.48713e-06,0.995388,0.969955,0.93967
141,141,141,0.000,0.0326007,16,4.57339,6.61687,8.14049,1.78052,1.96724e-06,0.0326007,16,4.57339,6.61687,8.14049,1.78052,1.96724e-06,1,1,1
142,142,142,0.000,0.0300851,7,4.63353,4.79703,5.00799,0.949872,1.83069e-06,0.0300851,7,4.63353,4.79703,5.00799,0.949872,1.83069e-06,1,1,1
143,143,143,0.000,0.158262,48,5.4008,7.86763,9.80261,1.88295,5.27108e-05,0.172073,50,5.59484,7.67298,9.44629,1.9869,6.26703e-05,0.998985,0.981699,0.955672
144,144,144,0.000,0.0541718,24,4.44377,5.18327,5.47199,1.26737,5.60929e-06,0.0561657,32,4.48623,5.34048,5.538,1.36539,6.17241e-06,0.994466,0.972744,0.941857
145,145,145,0.000,0.0420717,16,5.0565,6.1812,6.46133,1.50856,3.40994e-06,0.0437079,16,5.10486,6.38103,6.80906,1.63063,3.69438e-06,0.997127,0.96916,0.931356
146,146,146,0.000,0.104516,31,6.2209,7.73454,11.3923,2.44776,2.03912e-05,0.114397,33,6.40839,7.68991,11.1565,2.73014,2.32695e-05,0.998723,0.968477,0.920491
147,147,147,0.000,0.0415818,6,4.38344,4.98586,5.37867,0.993276,3.50239e-06,0.0415818,6,4.38344,4.98586,5.37867,0.993276,3.50239e-06,1,1,1
148,148,148,0.000,0.143235,26,4.8218,7.26549,8.10389,1.37727,4.18558e-05,0.152467,25,4.99605,7.29313,7.95868,1.27229,4.98283e-05,0.999373,0.980685,0.95932
149,149,149,0.000,0.139542,66,4.96837,6.59092,8.66849,1.94481,4.159e-05,0.155709,80,5.27962,6.61269,8.99994,2.2393,5.14616e-05,0.996488,0.970125,0.931667
150,150,150,0.000,0.155492,22,7.59223,9.06728,11.5583,2.38597,4.91688e-05,0.169631,23,7.48478,8.84121,11.417,2.34894,5.8159e-05,0.999607,0.98686,0.96759
151,151,151,0.000,0.140257,32,5.40983,8.15696,8.83123,1.26817,4.56529e-05,0.157181,32,5.38482,7.88992,8.57763,1.55296,5.35738e-05,0.996338,0.967185,0.922497
152,152,152,0.000,0.0606839,8,4.43129,4.64055,4.70215,0.94841,7.01468e-06,0.0634249,13,4.26737,4.65808,4.87796,1.07636,7.53022e-06,0.990953,0.956507,0.907582
153,153,153,0.000,0.118644,26,5.07471,7.78476,9.61093,1.39472,2.76303e-05,0.132031,31,5.43588,6.57736,9.60593,1.53446,3.45551e-05,0.99597,0.958257,0.911976
154,154,154,0.000,0.0126275,23,4.46712,5.7034,6.01729,3.48184,2.36445e-07,0.0126275,23,4.46712,5.7034,6.01729,3.48184,2.36445e-07,1,1,1
155,155,155,0.000,0.120376,15,4.82375,8.81873,9.69356,0.976508,3.20497e-05,0.120376,15,4.82375,8.81873,9.69356,0.976508,3.20497e-05,1,1,1
156,156,156,0.000,0.13516,32,7.76294,9.76367,10.6126,2.88471,3.58246e-05,0.144546,31,7.77672,9.81272,10.8289,2.90034,4.19038e-05,0.998784,0.980946,0.948615
157,157,157,0.000,0.0303808,26,4.86597,5.60358,6.42659,1.31561,1.74026e-06,0.0308247,30,5.27641,6.14551,6.78081,1.34234,1.98182e-06,0.998089,0.975356,0.948189
158,158,158,0.000,0.0472433,1,4.31673,4.31673,4.31673,0.348057,4.79866e-06,0.0475573,1,4.4784,4.4784,4.4784,0.331937,4.93815e-06,0.998034,0.987452,0.974587
159,159,159,0.000,0.0675776,13,4.36774,5.38793,6.23293,0.975704,8.97897e-06,0.0683454,17,4.48409,5.35949,6.57239,0.980144,9.48983e-06,0.998578,0.988222,0.974998
160,160,160,0.000,0.142427,44,6.80344,8.47502,9.08304,2.03159,4.49969e-05,0.156958,44,6.93794,8.37116,8.96807,1.95511,5.57801e-05,0.997761,0.978473,0.951875
161,161,161,0.000,0.191194,29,5.13295,8.12536,10.1839,2.93466,6.85051e-05,0.191194,29,5.13295,8.12536,10.1839,2.93466,6.85051e-05,1,1,1
162,162,162,0.000,0.159097,30,5.27543,7.85919,9.30351,1.84368,5.10232e-05,0.159097,30,5.27543,7.85919,9.30351,1.84368,5.10232e-05,1,1,1
163,163,163,0.000,0.0322505,13,4.3746,5.57637,8.34601,1.84153,1.855e-06,0.0346003,16,4.41166,5.8977,8.8566,2.06115,2.06494e-06,0.99786,0.970772,0.932251
164,164,164,0.000,0.173023,18,5.14305,6.90131,7.19436,1.15934,6.0925e-05,0.199655,21,5.02346,6.6303,7.31772,1.23752,8.0237e-05,0.997736,0.961137,0.919599
165,165,165,0.000,0.042633,9,4.71071,5.26317,5.50621,1.08861,3.53288e-06,0.0459739,15,4.75856,5.50988,5.69744,1.38866,4.02297e-06,0.989559,0.941184,0.881987
166,166,166,0.000,0.183232,39,6.45055,8.25053,11.8293,5.14283,5.23955e-05,0.204662,41,6.12941,7.72373,11.4284,5.22891,6.21489e-05,0.999358,0.980758,0.944529
167,167,167,0.000,0.0483372,13,4.22189,4.72861,5.14491,0.800708,4.81067e-06,0.0505634,16,4.56008,4.99464,5.4596,1.09974,4.8812e-06,0.990857,0.956565,0.913827
168,168,168,0.000,0.0672366,1,4.0477,4.0477,4.0477,0.540143,9.57419e-06,0.0672366,1,4.0477,4.0477,4.0477,0.540143,9.57419e-06,1,1,1
169,169,169,0.000,0.0478007,0,nan,nan,nan,0.509542,4.51866e-06,0.0478007,0,nan,nan,nan,0.509542,4.51866e-06,1,1,1
170,170,170,0.000,0.0621505,11,4.24547,4.57457,4.9536,0.73407,8.00299e-06,0.0645701,13,4.24992,4.70806,5.32386,0.798182,8.39234e-06,0.995145,0.982916,0.963037
171,171,171,0.000,0.137297,4,7.07931,8.62963,8.76902,0.655483,3.97589e-05,0.160501,4,6.13742,8.0917,8.89671,0.726097,5.17078e-05,0.997705,0.941943,0.885417
172,172,172,0.000,0.0312013,7,4.95586,5.33407,5.42095,0.924308,1.95221e-06,0.0312013,7,4.95586,5.33407,5.42095,0.924308,1.95221e-06,1,1,1
173,173,173,0.000,0.127574,40,5.8545,8.51792,9.51081,2.32825,3.36681e-05,0.136958,41,6.09255,8.39038,9.76813,2.58791,3.84551e-05,0.997768,0.976713,0.942104
174,174,174,0.000,0.137125,11,4.4266,8.34175,9.63268,1.23791,3.27763e-05,0.137125,11,4.4266,8.34175,9.63268,1.23791,3.27763e-05,1,1,1
175,175,175,0.000,0.0596021,5,4.33428,4.59084,4.65797,0.571462,7.22442e-06,0.0621973,8,4.42527,4.81765,5.06858,0.621448,7.77907e-06,0.990039,0.963098,0.922788
176,176,176,0.000,0.133496,31,7.11011,9.33238,10.3217,2.69806,3.44119e-05,0.133496,31,7.11011,9.33238,10.3217,2.69806,3.44119e-05,1,1,1
177,177,177,0.000,0.125136,36,5.30214,7.1134,9.77823,1.7414,3.06148e-05,0.125136,36,5.30214,7.1134,9.77823,1.7414,3.06148e-05,1,1,1
178,178,178,0.000,0.161522,39,7.26682,8.92742,9.47951,2.72672,5.20372e-05,0.161522,39,7.26682,8.92742,9.47951,2.72672,5.20372e-05,1,1,1
179,179,179,0.000,0.0470872,34,4.66763,5.48068,6.24916,1.34432,4.39137e-06,0.0470872,34,4.66763,5.48068,6.24916,1.34432,4.39137e-06,1,1,1
180,180,180,0.000,0.0529779,3,4.09722,4.22361,4.25521,0.787733,5.1835e-06,0.0544593,5,4.14217,4.38762,4.53226,0.767024,5.82554e-06,0.996704,0.972898,0.943464
181,181,181,0.000,0.160275,30,4.89479,7.58216,9.20993,2.16881,4.924e-05,0.180384,29,5.08004,7.77174,9.32478,2.35641,6.14142e-05,0.999208,0.969515,0.924385
182,182,182,0.000,0.144701,9,4.67557,7.16435,8.2294,1.00892,4.18488e-05,0.144701,9,4.67557,7.16435,8.2294,1.00892,4.18488e-05,1,1,1
183,183,183,0.000,0.144559,7,4.45708,8.3139,8.78882,0.911266,4.4724e-05,0.144559,7,4.45708,8.3139,8.78882,0.911266,4.4724e-05,1,1,1
184,184,184,0.000,0.177638,28,4.87396,6.92252,7.76355,1.36814,6.52798e-05,0.177638,28,4.87396,6.92252,7.76355,1.36814,6.52798e-05,1,1,1
185,185,185,0.000,0.148396,21,4.40822,7.49859,8.02176,1.48213,4.51808e-05,0.160546,22,4.47057,7.51364,7.89886,1.3896,5.4892e-05,0.999522,0.986436,0.969172
186,186,186,0.000,0.028711,26,4.86206,5.56641,6.72122,0.980341,1.83002e-06,0.0297054,30,5.16284,6.18497,7.3921,1.26174,1.95286e-06,0.99752,0.968314,0.926429
187,187,187,0.000,0.0653996,4,4.72737,5.12647,5.13026,0.500611,8.87437e-06,0.0664038,5,4.62026,5.09075,5.14191,0.593898,8.85834e-06,0.992239,0.971921,0.943316
188,188,188,0.000,0.140203,3,7.52433,7.8048,7.87492,0.631399,3.964e-05,0.140203,3,7.52433,7.8048,7.87492,0.631399,3.964e-05,1,1,1
189,189,189,0.000,0.0519931,2,4.42596,4.59894,4.64218,0.34453,6.52043e-06,0.0549276,3,4.32921,4.43716,4.46415,0.384751,7.02132e-06,0.990596,0.960153,0.920266
190,190,190,0.000,0.0142778,20,4.44985,5.73257,7.54751,3.85787,2.9682e-07,0.0142778,20,4.44985,5.73257,7.54751,3.85787,2.9682e-07,1,1,1
191,191,191,0.000,0.14422,32,6.87305,8.97262,9.68298,2.23701,4.12987e-05,0.14422,32,6.87305,8.97262,9.68298,2.23701,4.12987e-05,1,1,1
192,192,192,0.000,0.142265,40,7.86737,8.9792,9.45517,2.50058,4.4131e-05,0.153914,40,7.92116,8.90145,9.50127,2.60311,5.17147e-05,0.998466,0.983183,0.959011
193,193,193,0.000,0.139217,34,9.19057,10.6496,11.2135,4.1578,4.07327e-05,0.139217,34,9.19057,10.6496,11.2135,4.1578,4.07327e-05,1,1,1
194,194,194,0.000,0.0136267,8,4.34983,5.00086,5.13518,2.14842,3.05748e-07,0.0152701,16,4.36354,4.94781,6.73832,3.01677,3.56469e-07,0.998977,0.932554,0.845671
195,195,195,0.000,0.0307353,5,4.34349,4.64232,4.69925,1.02592,1.77449e-06,0.0307353,5,4.34349,4.64232,4.69925,1.02592,1.77449e-06,1,1,1
196,196,196,0.000,0.0194609,17,4.28101,5.46719,6.3778,1.42394,7.24328e-07,0.0207915,18,4.48065,5.91242,7.01685,1.64613,8.3141e-07,0.996377,0.952994,0.891641
197,197,197,0.000,0.0123569,20,4.57356,5.47234,5.75506,2.31883,2.53827e-07,0.0141666,35,4.68299,5.76671,6.99498,3.24259,3.17166e-07,0.998187,0.935647,0.8521
198,198,198,0.000,0.0126025,10,4.64821,4.83791,4.89024,2.00422,2.60777e-07,0.0146091,13,4.58498,5.66599,5.8204,2.41748,3.37044e-07,0.998981,0.936513,0.854501
199,199,199,0.000,0.0341795,14,4.32631,5.65177,5.88371,1.44323,2.14681e-06,0.0362605,22,4.7154,6.04543,6.69494,1.51082,2.59113e-06,0.99563,0.951486,0.891925
200,200,200,0.000,0.151554,29,4.97595,7.43902,8.56057,1.18697,5.10252e-05,0.151554,29,4.97595,7.43902,8.56057,1.18697,5.10252e-05,1,1,1
201,201,201,0.000,0.0450557,1,4.08431,4.08431,4.08431,0.556207,3.72272e-06,0.0486982,0,nan,nan,nan,0.63556,4.11079e-06,0.992909,0.953133,0.905694
202,202,202,0.000,0.158578,40,5.74498,7.60434,7.8615,1.9644,4.67606e-05,0.176174,42,5.8731,7.4781,7.71514,2.07851,5.61412e-05,0.998339,0.974246,0.94258
203,203,203,0.000,0.0325363,8,4.32984,4.90226,5.246,0.747157,2.22126e-06,0.0333595,14,4.60999,5.23749,5.82845,0.864594,2.42503e-06,0.996004,0.962167,0.922089
204,204,204,0.000,0.160397,23,4.62959,6.53992,7.57544,1.13886,5.17511e-05,0.160397,23,4.62959,6.53992,7.57544,1.13886,5.17511e-05,1,1,1
205,205,205,0.000,0.0586483,0,nan,nan,nan,0.210676,7.84398e-06,0.0613765,0,nan,nan,nan,0.268505,8.2873e-06,0.987505,0.965499,0.938996
206,206,206,0.000,0.0259635,14,4.51768,6.08322,7.13267,1.63704,1.27348e-06,0.0280063,28,4.40774,5.50729,8.23244,1.90131,1.44926e-06,0.998041,0.948992,0.882668
207,207,207,0.000,0.0272083,34,4.88072,6.69919,8.76198,2.00633,1.47358e-06,0.0296987,38,5.44483,7.50781,9.68498,2.54673,1.6491e-06,0.995776,0.947525,0.874459
208,208,208,0.000,0.0384535,4,4.72843,5.78036,6.05296,0.703311,2.98463e-06,0.0398835,3,4.95676,5.94285,6.18937,0.786166,3.05951e-06,0.998652,0.983139,0.967893
209,209,209,0.000,0.0531973,5,4.52926,5.12701,5.26931,0.693886,5.93172e-06,0.0556971,6,4.57248,5.19091,5.512,0.71366,6.47051e-06,0.997852,0.975853,0.950895
210,210,210,0.000,0.0145265,23,4.96824,5.87734,6.44128,3.30939,3.21149e-07,0.0145265,23,4.96824,5.87734,6.44128,3.30939,3.21149e-07,1,1,1
211,211,211,0.000,0.0848135,0,nan,nan,nan,0.583674,1.47702e-05,0.0879379,1,4.1047,4.1047,4.1047,0.683495,1.55429e-05,0.99005,0.973309,0.95293
212,212,212,0.000,0.0533759,0,nan,nan,nan,0.601886,5.58301e-06,0.0533759,0,nan,nan,nan,0.601886,5.58301e-06,1,1,1
213,213,213,0.000,0.0470575,4,4.48047,5.18235,5.42939,0.470584,4.96531e-06,0.0496209,7,4.34946,5.27158,5.7533,0.528083,5.40431e-06,0.993812,0.959965,0.920409
214,214,214,0.000,0.0642644,0,nan,nan,nan,0.609156,8.24861e-06,0.0651246,0,nan,nan,nan,0.540882,9.00631e-06,0.996218,0.983106,0.967277
215,215,215,0.000,0.0351308,30,4.8097,5.86001,6.49364,1.26629,2.49852e-06,0.0351308,30,4.8097,5.86001,6.49364,1.26629,2.49852e-06,1,1,1
216,216,216,0.000,0.0265791,13,4.8471,5.13942,5.47404,1.32566,1.38864e-06,0.0289086,22,4.91454,6.17294,6.40686,1.78536,1.51037e-06,0.997629,0.935874,0.86027
217,217,217,0.000,0.145065,50,4.9079,7.2416,9.74817,1.83687,4.16261e-05,0.161503,54,5.02313,6.82788,9.35463,2.10701,5.07575e-05,0.99828,0.972607,0.936399
218,218,218,0.000,0.0290539,5,4.49135,6.15013,6.87299,1.00561,1.72796e-06,0.0309224,5,4.71816,6.20299,6.84161,1.07633,1.90845e-06,0.998859,0.965985,0.922809
219,219,219,0.000,0.0256647,6,4.38345,5.364,5.69407,1.28069,1.25849e-06,0.0273712,11,4.54566,5.15816,6.3541,1.42623,1.42351e-06,0.998139,0.952795,0.897327
220,220,220,0.000,0.0355388,16,4.32413,5.07777,6.04223,1.08284,2.32501e-06,0.0373139,23,4.697,5.36191,6.67955,1.21084,2.61262e-06,0.995743,0.954148,0.904301
221,221,221,0.000,0.0478159,2,4.28644,4.39615,4.42357,0.550068,4.97267e-06,0.0507602,3,4.38576,5.02674,5.18699,0.655734,5.26069e-06,0.986764,0.94095,0.888161
222,222,222,0.000,0.0287305,18,4.4353,4.8742,5.40391,1.57546,1.49787e-06,0.0287305,18,4.4353,4.8742,5.40391,1.57546,1.49787e-06,1,1,1
223,223,223,0.000,0.0726097,0,nan,nan,nan,0.469196,1.12824e-05,0.0754081,0,nan,nan,nan,0.512851,1.1939e-05,0.9918,0.971822,0.945623
224,224,224,0.000,0.0504839,10,4.32821,4.97554,6.24081,0.780733,5.17532e-06,0.0538808,19,4.75797,5.63647,7.03164,1.09374,5.77362e-06,0.988436,0.933924,0.875925
225,225,225,0.000,0.135167,35,9.32645,10.3134,11.3408,4.06422,3.44572e-05,0.144495,35,9.11238,10.3447,11.0521,3.86758,4.03187e-05,0.997522,0.98218,0.950879
226,226,226,0.000,0.0720825,0,nan,nan,nan,0.436813,1.06987e-05,0.0720825,0,nan,nan,nan,0.436813,1.06987e-05,1,1,1
227,227,227,0.000,0.0476639,0,nan,nan,nan,0.35301,4.58185e-06,0.0493043,0,nan,nan,nan,0.396791,4.90638e-06,0.993264,0.963869,0.933118
228,228,228,0.000,0.179323,36,5.01673,7.35715,8.27314,2.55687,5.87167e-05,0.203084,30,5.31449,7.06161,8.22576,2.30023,7.53833e-05,0.99909,0.970689,0.931574
229,229,229,0.000,0.0549562,16,4.46167,5.22818,6.10235,0.856894,6.29762e-06,0.0584066,17,4.9076,5.63369,6.26439,1.14082,6.61212e-06,0.990601,0.950536,0.901562
230,230,230,0.000,0.0393164,11,4.36764,5.18843,6.37752,1.07764,3.00071e-06,0.04179,14,4.52134,5.54481,6.81054,1.34289,3.21463e-06,0.996181,0.945403,0.88536
231,231,231,0.000,0.0202583,9,4.69975,6.03892,6.04606,1.40478,7.40365e-07,0.0220996,15,4.34008,5.62034,6.07882,1.51211,9.22456e-07,0.997966,0.941587,0.878509
232,232,232,0.000,0.164266,3,6.00536,6.29702,6.36994,0.337757,5.84939e-05,0.164266,3,6.00536,6.29702,6.36994,0.337757,5.84939e-05,1,1,1
233,233,233,0.000,0.172896,6,5.4041,7.23693,7.2919,1.07321,5.74057e-05,0.172896,6,5.4041,7.23693,7.2919,1.07321,5.74057e-05,1,1,1
234,234,234,0.000,0.0349704,6,5.93685,7.17439,7.69511,0.510798,2.56795e-06,0.0349704,6,5.93685,7.17439,7.69511,0.510798,2.56795e-06,1,1,1
235,235,235,0.000,0.11543,27,7.59923,9.82148,11.3264,2.78373,2.53043e-05,0.12368,27,7.702,9.58946,11.3033,3.24224,2.7408e-05,0.996775,0.97999,0.948402
236,236,236,0.000,0.123882,8,4.80036,8.57987,9.93975,0.914435,3.28895e-05,0.133597,7,5.04741,8.38176,9.70571,0.940111,3.75834e-05,0.99844,0.969517,0.938143
237,237,237,0.000,0.0556941,0,nan,nan,nan,0.619313,5.96067e-06,0.0564817,0,nan,nan,nan,0.692661,5.94291e-06,0.995634,0.968352,0.940583
238,238,238,0.000,0.144145,20,4.88144,7.38767,8.79276,1.05678,4.13089e-05,0.144145,20,4.88144,7.38767,8.79276,1.05678,4.13089e-05,1,1,1
239,239,239,0.000,0.0624956,1,4.80539,4.80539,4.80539,0.684018,8.03039e-06,0.0644197,1,5.16874,5.16874,5.16874,0.742602,8.69799e-06,0.997087,0.974127,0.945522
240,240,240,0.000,0.156471,34,5.33953,7.68334,9.39306,1.56743,5.00684e-05,0.156471,34,5.33953,7.68334,9.39306,1.56743,5.00684e-05,1,1,1
241,241,241,0.000,0.0103513,13,4.29609,5.61183,6.87539,2.57767,1.76067e-07,0.0124634,21,4.60381,6.91609,7.0167,3.7386,2.29897e-07,0.999409,0.922043,0.807976
242,242,242,0.000,0.0162073,13,4.57438,5.27562,6.76037,1.94965,4.37037e-07,0.0183359,14,5.10984,5.83711,7.25013,2.3234,5.53076e-07,0.999125,0.943596,0.878681
243,243,243,0.000,0.114917,9,5.37613,8.72948,10.2786,0.734539,2.66748e-05,0.12621,12,5.33608,8.09225,10.0042,0.839456,3.3342e-05,0.992327,0.947635,0.895796
244,244,244,0.000,0.0152925,8,4.72559,6.16548,6.20811,1.79051,3.89657e-07,0.0171854,19,4.61012,6.19852,8.0627,2.26653,5.06973e-07,0.998365,0.924317,0.83564
245,245,245,0.000,0.0486243,3,5.11319,5.67501,5.81547,0.460047,5.12304e-06,0.0499417,4,4.65225,5.70463,5.92814,0.504938,5.30778e-06,0.99442,0.974288,0.948889
246,246,246,0.000,0.0338187,23,4.94569,5.50967,6.93064,1.39142,2.41377e-06,0.0343969,27,5.15231,6.00501,7.86739,1.60897,2.50449e-06,0.997905,0.967486,0.930099
247,247,247,0.000,0.149926,32,4.64756,7.43289,8.51526,1.99139,4.27005e-05,0.168806,35,4.76795,7.06837,8.47647,2.25214,5.24315e-05,0.997948,0.967059,0.920699
248,248,248,0.000,0.142283,48,7.52907,9.12403,10.6873,4.0781,3.85571e-05,0.15471,48,7.55122,9.11868,10.3865,4.11892,4.5907e-05,0.998846,0.987165,0.964287
249,249,249,0.000,0.0168231,10,4.2831,5.74037,7.11411,1.96025,5.00661e-07,0.018645,14,4.36827,6.14314,7.43544,2.14817,6.30293e-07,0.99909,0.951765,0.892492
250,250,250,0.000,0.166452,4,5.88295,6.38996,6.45539,0.703915,5.4845e-05,0.184835,5,5.48352,6.38311,6.40673,0.657972,7.09026e-05,0.996438,0.958455,0.913261
251,251,251,0.000,0.0457771,0,nan,nan,nan,0.615414,3.88891e-06,0.0457771,0,nan,nan,nan,0.615414,3.88891e-06,1,1,1
252,252,252,0.000,0.0145116,14,4.51267,5.03752,6.25786,2.633,3.19861e-07,0.0145116,14,4.51267,5.03752,6.25786,2.633,3.19861e-07,1,1,1
253,253,253,0.000,0.146222,28,6.7997,8.87309,9.79145,1.82316,4.66538e-05,0.16183,28,6.77722,8.9209,9.50819,1.8153,5.71742e-05,0.998529,0.980279,0.955747
254,254,254,0.000,0.0605614,8,4.46745,5.12494,5.41247,0.649236,7.97953e-06,0.0629485,10,4.46456,5.00951,5.62218,0.741602,8.32892e-06,0.995102,0.979309,0.957506
255,255,255,0.000,0.0446173,2,5.28141,5.64698,5.73837,0.543335,4.41284e-06,0.0464441,3,5.6194,6.1412,6.27165,0.530336,4.87759e-06,0.994576,0.954191,0.90124
256,256,256,0.000,0.0251274,26,4.91416,6.53053,8.01368,2.16438,1.08526e-06,0.0268747,22,4.93067,6.34305,8.05714,2.59688,1.11234e-06,0.998355,0.964514,0.920349
257,257,257,0.000,0.140461,29,5.9111,8.35361,9.24405,1.17559,4.55524e-05,0.159385,29,5.95138,7.83223,8.67119,1.25438,5.62762e-05,0.992508,0.958752,0.914786
258,258,258,0.000,0.0388538,11,4.76415,5.6235,5.85284,0.718501,3.19168e-06,0.0406314,17,4.85594,5.85493,6.28866,0.826651,3.65035e-06,0.993009,0.956444,0.911529
259,259,259,0.000,0.142791,14,4.31012,6.63378,7.91422,0.877478,4.29243e-05,0.159744,19,4.63711,5.93869,8.23468,1.04467,5.48474e-05,0.994472,0.954941,0.912683
260,260,260,0.000,0.0473155,7,4.75835,5.28732,5.32894,0.819634,4.57575e-06,0.0488656,8,4.70355,5.26581,5.44564,0.889168,4.73826e-06,0.996859,0.976412,0.952821
261,261,261,0.000,0.0667018,1,4.01727,4.01727,4.01727,0.569651,8.99737e-06,0.0687448,1,4.24989,4.24989,4.24989,0.565864,9.64168e-06,0.995983,0.982059,0.964709
262,262,262,0.000,0.0439954,4,4.83998,5.41042,5.60868,0.499553,4.22826e-06,0.0446967,4,5.09848,5.80204,6.02571,0.58383,4.39281e-06,0.993932,0.972586,0.947786
263,263,263,0.000,0.129271,9,4.56064,8.79938,9.60237,1.73686,2.94155e-05,0.148002,13,4.6297,7.64074,9.59275,2.09734,3.73265e-05,0.997453,0.950054,0.886749
264,264,264,0.000,0.157173,37,6.6786,7.85298,8.50151,2.54919,4.67541e-05,0.174011,37,6.91146,7.64097,8.28195,2.66346,5.74517e-05,0.996762,0.972389,0.930208
265,265,265,0.000,0.0162593,13,4.73944,5.79349,5.95256,1.35559,5.30765e-07,0.0179798,18,4.85057,5.73164,6.09143,1.80206,5.99485e-07,0.997146,0.935932,0.859454
266,266,266,0.000,0.0257796,10,4.44481,5.07622,5.70825,1.42156,1.22657e-06,0.0269929,17,4.55814,5.13155,5.32178,1.53455,1.3984e-06,0.99823,0.959735,0.904334
267,267,267,0.000,0.0609726,10,4.47785,5.03984,5.17891,0.620616,8.67372e-06,0.0620403,11,4.61443,5.10288,5.30364,0.639332,9.02072e-06,0.997552,0.988741,0.975956
268,268,268,0.000,0.113714,24,5.49803,8.90212,10.41,1.76305,2.52468e-05,0.113714,24,5.49803,8.90212,10.41,1.76305,2.52468e-05,1,1,1
269,269,269,0.000,0.128181,11,4.7714,7.86014,8.76549,0.759012,3.45836e-05,0.139257,22,4.7791,7.34388,9.2306,1.0661,4.1987e-05,0.982321,0.941668,0.884503
270,270,270,0.000,0.0691829,0,nan,nan,nan,0.440253,9.76738e-06,0.0720347,2,4.12801,4.20521,4.22451,0.514743,1.02716e-05,0.991125,0.970152,0.942731
271,271,271,0.000,0.0419324,5,4.38532,4.95869,5.23507,0.541232,3.68703e-06,0.0419324,5,4.38532,4.95869,5.23507,0.541232,3.68703e-06,1,1,1
272,272,272,0.000,0.0184858,19,4.77097,6.02575,7.01473,1.70247,6.27696e-07,0.0184858,19,4.77097,6.02575,7.01473,1.70247,6.27696e-07,1,1,1
273,273,273,0.000,0.185569,28,5.26614,7.62861,8.19464,2.30958,6.5571e-05,0.210553,28,5.29006,7.57122,8.25894,2.31552,8.3164e-05,0.99927,0.97662,0.945152
274,274,274,0.000,0.035005,2,4.36393,4.62506,4.69034,0.55031,2.56507e-06,0.0366295,2,4.43739,4.57096,4.60435,0.607052,2.70466e-06,0.995131,0.972224,0.94438
275,275,275,0.000,0.0211213,2,5.06975,5.3467,5.41594,0.794571,8.36351e-07,0.0222579,2,5.06734,5.351,5.42192,0.786439,9.53674e-07,0.997955,0.958596,0.91609
276,276,276,0.000,0.15264,5,6.22161,7.42408,7.74217,0.853661,4.57725e-05,0.15264,5,6.22161,7.42408,7.74217,0.853661,4.57725e-05,1,1,1
277,277,277,0.000,0.24876,11,5.43965,6.09305,6.49027,1.38674,0.000119696,0.24876,11,5.43965,6.09305,6.49027,1.38674,0.000119696,1,1,1
278,278,278,0.000,0.0398262,12,4.70015,4.88609,5.05327,0.564408,3.44801e-06,0.0406641,15,4.63799,5.01739,5.21737,0.604902,3.56637e-06,0.997248,0.974175,0.947181
279,279,279,0.000,0.026383,10,4.5859,5.02068,5.68812,1.16309,1.27386e-06,0.0273688,15,4.41781,5.68629,5.98445,1.32242,1.3772e-06,0.997746,0.963733,0.924504
280,280,280,0.000,0.149614,8,5.91122,7.95643,7.95755,0.451854,4.86075e-05,0.149614,8,5.91122,7.95643,7.95755,0.451854,4.86075e-05,1,1,1
281,281,281,0.000,0.0546819,7,4.42388,4.89442,5.19068,0.464703,6.39746e-06,0.056706,6,4.66481,5.35081,5.74153,0.536515,6.62748e-06,0.996462,0.977207,0.954562
282,282,282,0.000,0.0460756,3,4.68942,5.16398,5.28262,0.375415,4.72724e-06,0.0479358,4,4.82211,5.39543,5.62607,0.439732,5.25842e-06,0.994338,0.967118,0.935101
283,283,283,0.000,0.144687,30,7.2778,9.14558,10.1114,2.13528,4.45069e-05,0.159345,30,7.34313,8.97951,10.0147,2.48906,5.14545e-05,0.996107,0.971414,0.928975
284,284,284,0.000,0.0647743,5,4.2383,4.54517,4.55308,0.550515,8.89854e-06,0.0670836,5,4.20253,4.59047,4.64413,0.583989,9.11504e-06,0.997495,0.988579,0.977344
285,285,285,0.000,0.140958,42,8.90283,10.0553,11.7348,4.28965,3.71105e-05,0.152925,41,8.67784,9.85722,11.2416,4.1826,4.21242e-05,0.999392,0.989663,0.969257
286,286,286,0.000,0.0596329,4,4.83378,5.55233,5.83041,0.791659,7.01557e-06,0.0634768,4,4.75987,5.46805,5.72512,0.712849,8.0195e-06,0.988387,0.964114,0.933025
287,287,287,0.000,0.0305387,46,4.75126,5.72789,8.31225,2.30242,1.75735e-06,0.0305387,46,4.75126,5.72789,8.31225,2.30242,1.75735e-06,1,1,1
288,288,288,0.000,0.0178969,4,4.32088,4.82504,4.98594,1.61606,5.35366e-07,0.0190642,6,4.61858,5.09283,5.2422,1.7919,6.02167e-07,0.999298,0.954743,0.898022
289,289,289,0.000,0.139775,35,4.62193,6.6688,8.91342,1.97777,3.68789e-05,0.157579,37,4.94895,6.68187,8.11663,2.3612,4.59455e-05,0.997013,0.962626,0.91825
290,290,290,0.000,0.0423841,3,4.12515,4.3283,4.37909,0.597201,3.86044e-06,0.0448378,12,4.54172,4.9997,5.46285,0.762841,4.47739e-06,0.990368,0.935897,0.875565
291,291,291,0.000,0.0174162,3,4.98257,5.15189,5.19423,1.33889,5.76853e-07,0.0187067,14,4.26544,5.01187,5.41391,1.61239,6.48712e-07,0.999124,0.953971,0.907041
292,292,292,0.000,0.0565662,13,4.72401,5.14593,5.46493,0.832208,6.55837e-06,0.0586367,16,4.80819,5.5274,5.76035,0.925477,7.02883e-06,0.99617,0.977199,0.952079
293,293,293,0.000,0.038666,1,4.02771,4.02771,4.02771,1.01545,2.75626e-06,0.0394893,3,4.18537,4.24877,4.26462,1.13481,2.86749e-06,0.997639,0.972611,0.944064
294,294,294,0.000,0.119264,24,4.99087,8.53194,9.30539,1.03481,3.11592e-05,0.132351,27,5.24158,7.96216,9.1505,1.14164,3.77628e-05,0.996621,0.958282,0.919475
295,295,295,0.000,0.157625,40,6.82847,8.55567,12.4433,2.65102,5.23187e-05,0.176781,38,6.45572,8.43426,12.0637,2.34486,6.76392e-05,0.997898,0.968637,0.924885
296,296,296,0.000,0.145723,25,5.02785,6.91784,9.1941,1.37479,4.32231e-05,0.169029,26,4.92522,6.65078,8.91657,1.54731,5.59514e-05,0.995804,0.955454,0.912784
297,297,297,0.000,0.137148,48,6.8563,8.76088,10.3894,2.8376,3.98261e-05,0.152809,49,6.93151,8.64982,10.6351,3.25333,4.5875e-05,0.997732,0.976685,0.942115
298,298,298,0.000,0.0368559,4,4.46791,5.38523,5.74578,0.891224,2.48358e-06,0.0368559,4,4.46791,5.38523,5.74578,0.891224,2.48358e-06,1,1,1
299,299,299,0.000,0.0127039,12,4.8167,8.12465,8.58009,5.01141,1.99205e-07,0.0127039,12,4.8167,8.12465,8.58009,5.01141,1.99205e-07,1,1,1
300,300,300,0.000,0.14268,32,6.76639,8.39867,10.4424,2.31954,3.86478e-05,0.15773,32,6.64361,8.3982,10.2423,2.40618,4.67561e-05,0.997765,0.978692,0.950279
301,301,301,0.000,0.0372931,26,4.78334,6.0368,6.39051,1.15,3.05442e-06,0.0372931,26,4.78334,6.0368,6.39051,1.15,3.05442e-06,1,1,1
302,302,302,0.000,0.027613,9,5.18334,6.0874,6.44273,1.45578,1.3352e-06,0.0293914,8,5.69666,6.36359,6.7393,1.63423,1.47448e-06,0.997743,0.954135,0.905344
303,303,303,0.000,0.0099775,10,4.71664,5.30145,5.39482,3.4744,1.37729e-07,0.0118766,16,4.78965,5.95867,6.55026,4.84459,1.86542e-07,0.998925,0.920462,0.797443
304,304,304,0.000,0.0178259,6,4.2408,4.57004,4.57398,0.830393,6.33624e-07,0.0192882,9,4.31176,5.1701,5.28138,1.00504,7.63929e-07,0.995688,0.920967,0.843779
305,305,305,0.000,0.148269,25,4.7899,7.80207,9.7867,1.01883,4.82945e-05,0.148269,25,4.7899,7.80207,9.7867,1.01883,4.82945e-05,1,1,1
306,306,306,0.000,0.019299,13,4.36143,5.25475,6.34604,1.27537,7.68133e-07,0.0205623,25,4.50883,5.53395,7.52602,1.7602,8.57376e-07,0.998537,0.951331,0.898576
307,307,307,0.000,0.0267992,2,4.47085,4.60483,4.63833,1.88476,1.07656e-06,0.0267992,2,4.47085,4.60483,4.63833,1.88476,1.07656e-06,1,1,1
308,308,308,0.000,0.0348629,0,nan,nan,nan,0.727984,2.30305e-06,0.0366348,0,nan,nan,nan,0.750787,2.53057e-06,0.996519,0.950245,0.900106
309,309,309,0.000,0.158575,13,5.34868,8.75117,9.4689,1.1234,5.17332e-05,0.158575,13,5.34868,8.75117,9.4689,1.1234,5.17332e-05,1,1,1
310,310,310,0.000,0.0186415,7,5.04952,5.83596,6.0079,1.69456,6.20052e-07,0.0207698,13,4.55667,6.68002,6.93156,2.10604,7.77805e-07,0.996604,0.930255,0.853427
311,311,311,0.000,0.0235942,2,4.50059,4.67149,4.71422,2.01138,8.53202e-07,0.0235942,2,4.50059,4.67149,4.71422,2.01138,8.53202e-07,1,1,1
312,312,312,0.000,0.0369135,10,4.20939,4.90957,6.00196,1.28032,2.43217e-06,0.0380544,7,4.38712,5.68829,6.79068,1.25745,2.65265e-06,0.998046,0.978617,0.9547
313,313,313,0.000,0.0210393,10,5.01512,6.23588,6.83163,1.95857,7.48872e-07,0.022514,14,4.64436,6.52505,6.65879,2.18622,8.28994e-07,0.99905,0.961753,0.912475
314,314,314,0.000,0.126032,4,7.3395,8.13038,8.4273,0.428182,3.60072e-05,0.142426,6,5.39119,7.40575,7.59669,0.586556,4.22066e-05,0.994864,0.951932,0.906626
315,315,315,0.000,0.114539,20,4.51718,8.62115,9.5622,1.46681,2.44677e-05,0.126738,18,4.92515,8.10831,9.27335,1.67737,2.77383e-05,0.994587,0.96353,0.917539
316,316,316,0.000,0.0260468,2,4.27024,4.28013,4.2826,0.896498,1.2941e-06,0.0291751,5,4.82129,5.1935,5.29615,1.16206,1.58622e-06,0.993614,0.921436,0.84224
317,317,317,0.000,0.055723,1,4.09586,4.09586,4.09586,0.577548,6.19988e-06,0.0584399,5,4.46798,4.83072,5.04669,0.628831,6.81211e-06,0.986956,0.953466,0.910279
318,318,318,0.000,0.0420512,4,4.26807,5.00066,5.30779,0.986215,3.51132e-06,0.0456323,4,4.36761,5.00086,5.15303,1.05055,3.87566e-06,0.994887,0.953919,0.908986
319,319,319,0.000,0.0629423,4,4.30892,4.82718,4.97697,0.660405,8.01213e-06,0.0650553,6,4.82695,5.33873,5.34631,0.757706,8.46339e-06,0.991466,0.963831,0.924641
320,320,320,0.000,0.153249,15,4.73033,7.23694,10.8866,1.55123,4.19473e-05,0.17173,16,4.71568,6.98438,10.84,1.56725,5.30555e-05,0.998818,0.964621,0.929255
321,321,321,0.000,0.0161019,29,4.63104,5.43094,6.4786,3.84376,3.82744e-07,0.0161019,29,4.63104,5.43094,6.4786,3.84376,3.82744e-07,1,1,1
322,322,322,0.000,0.160583,31,5.28803,7.67773,8.5453,2.08991,5.05093e-05,0.180101,29,5.64052,7.46545,8.34769,2.40206,5.80199e-05,0.998811,0.975075,0.943224
323,323,323,0.000,0.036123,22,4.79881,5.60616,6.28155,1.0349,2.60436e-06,0.0378999,27,5.10641,5.99433,6.69654,1.36159,2.68248e-06,0.996647,0.963339,0.925094
324,324,324,0.000,0.017829,12,4.76951,6.4666,6.54446,2.32134,5.43733e-07,0.0189071,16,4.75038,6.77358,7.07024,2.66424,6.17979e-07,0.999263,0.957263,0.900545
325,325,325,0.000,0.0107574,7,4.69935,5.56641,5.63969,3.5082,1.60461e-07,0.0128299,13,4.85051,5.98436,6.53303,4.6114,2.31455e-07,0.999058,0.912398,0.801974
326,326,326,0.000,0.0750094,0,nan,nan,nan,0.134086,1.29015e-05,0.0786264,0,nan,nan,nan,0.0939615,1.46275e-05,0.987822,0.967987,0.938867
327,327,327,0.000,0.105478,137,4.89039,8.98972,9.89233,0.308639,0.000130328,0.105312,139,4.89057,8.98143,9.90566,0.308796,0.000130265,1,0.999999,1
328,328,328,0.000,0.0506787,3,4.4635,4.68581,4.74138,0.97118,5.00315e-06,0.0506787,3,4.4635,4.68581,4.74138,0.97118,5.00315e-06,1,1,1
329,329,329,0.000,0.0394436,6,4.32732,5.27287,5.49976,1.04593,2.96095e-06,0.0409312,7,4.52241,5.41269,5.69349,0.985004,3.25709e-06,0.997087,0.964685,0.925705
330,330,330,0.000,0.184658,5,5.17457,5.7555,5.91482,0.653229,6.95548e-05,0.216275,5,5.14804,5.45742,5.59129,0.707582,9.50951e-05,0.996438,0.965632,0.930162
331,331,331,0.000,0.0493718,0,nan,nan,nan,0.171721,5.63109e-06,0.0506826,0,nan,nan,nan,0.100916,6.45149e-06,0.992059,0.96238,0.92978
332,332,332,0.000,0.0504315,1,4.6494,4.6494,4.6494,0.677274,5.09963e-06,0.0521151,3,4.20665,4.4176,4.47034,0.650827,5.66093e-06,0.993116,0.958417,0.917924
333,333,333,0.000,0.0562993,6,4.58269,5.0599,5.08673,0.591328,6.5217e-06,0.0580618,6,4.62091,5.19324,5.23814,0.603718,6.87449e-06,0.997354,0.987407,0.974676
334,334,334,0.000,0.0355726,9,4.55509,5.12951,6.50973,0.762426,2.76851e-06,0.0363463,10,4.46325,4.82177,5.99042,0.897874,2.72927e-06,0.998519,0.983009,0.964152
335,335,335,0.000,0.0420107,0,nan,nan,nan,1.0736,3.07957e-06,0.0436208,1,4.10946,4.10946,4.10946,1.07582,3.33117e-06,0.995955,0.963047,0.920098
336,336,336,0.000,0.0629669,0,nan,nan,nan,0.411362,8.45967e-06,0.0656832,0,nan,nan,nan,0.359468,9.43499e-06,0.989208,0.966196,0.935473
337,337,337,0.000,0.0170371,6,4.22196,4.75164,5.15815,1.32677,5.37947e-07,0.0191605,14,4.31189,4.8784,5.50604,1.77414,6.16877e-07,0.998697,0.93112,0.853289
338,338,338,0.000,0.0586009,6,4.61985,4.98375,5.19961,0.873151,7.18996e-06,0.0621985,13,4.37718,5.46262,5.92326,1.02195,7.88445e-06,0.987729,0.955772,0.906035
339,339,339,0.000,0.0459476,8,5.09358,5.62664,6.05903,0.560257,4.40232e-06,0.0477674,8,4.98468,5.73886,5.84807,0.596662,4.61274e-06,0.996514,0.980405,0.96029
340,340,340,0.000,0.0406789,3,4.33639,4.67102,4.75468,1.4615,2.77282e-06,0.0424704,4,4.2919,4.62466,4.72897,1.34672,3.08282e-06,0.997918,0.97731,0.948065
341,341,341,0.000,0.037358,22,4.5727,5.34214,6.60111,0.997615,2.96954e-06,0.0390533,24,4.72534,5.5574,6.54455,1.2114,3.09089e-06,0.995564,0.968215,0.929418
342,342,342,0.000,0.0487078,1,4.3118,4.3118,4.3118,0.599363,4.59475e-06,0.0512277,1,4.32166,4.32166,4.32166,0.645043,5.09541e-06,0.990547,0.957147,0.920721
343,343,343,0.000,0.164985,38,6.33797,8.36472,9.34899,2.9212,5.02362e-05,0.178723,40,6.37853,8.15359,9.4847,3.04072,5.61279e-05,0.998936,0.985034,0.961735
344,344,344,0.000,0.144586,31,4.78082,7.21843,9.095,2.11252,3.85772e-05,0.16524,25,4.73427,7.08477,8.46386,2.01232,5.00838e-05,0.998457,0.953964,0.903207
345,345,345,0.000,0.0316957,16,4.39159,5.15345,5.1875,0.99087,1.93975e-06,0.0327193,24,4.53081,5.18898,5.39471,1.0124,2.22033e-06,0.996803,0.964474,0.929778
346,346,346,0.000,0.0420503,2,4.41991,4.62839,4.68051,0.975298,3.18887e-06,0.0438672,2,4.90554,5.26587,5.35595,0.90877,3.64098e-06,0.991389,0.955887,0.914691
347,347,347,0.000,0.130161,7,6.87024,8.07269,8.60703,0.885724,3.53201e-05,0.14294,7,6.48746,7.86287,8.72244,1.08242,4.05784e-05,0.996872,0.961982,0.92285
348,348,348,0.000,0.0285041,8,4.37311,4.85435,4.9176,0.680233,1.73146e-06,0.0298454,15,4.6445,5.5826,5.91508,0.762247,1.93612e-06,0.996864,0.953589,0.905581
349,349,349,0.000,0.0288729,1,4.30319,4.30319,4.30319,0.828267,1.6214e-06,0.0315275,2,4.40578,4.55765,4.59561,0.907501,1.92642e-06,0.994389,0.939048,0.880324
350,350,350,0.000,0.0430628,2,4.54781,4.55848,4.56114,0.960894,3.31233e-06,0.0464874,2,4.48166,4.74293,4.80825,0.888068,4.05269e-06,0.989702,0.936971,0.871757
