pair,i_py,j_ml,center_dist,py_noise_sigma,py_n_spikes,py_snr_median,py_snr_p90,py_snr_max,py_spectral_hf_snr,py_psd_floor,ml_noise_sigma,ml_n_spikes,ml_snr_median,ml_snr_p90,ml_snr_max,ml_spectral_hf_snr,ml_psd_floor,corr_raw,corr_hp,coh_hi
0,0,61,0.000,0.0240691,26,4.53153,5.66543,6.2711,2.37088,9.91897e-07,0.0240691,26,4.53153,5.66543,6.2711,2.37088,9.91897e-07,1,1,1
1,1,87,0.000,0.0350542,1,4.29448,4.29448,4.29448,1.95591,1.88977e-06,0.0350542,1,4.29448,4.29448,4.29448,1.95591,1.88977e-06,1,1,1
2,2,97,0.000,0.0378695,6,4.16642,4.37763,4.47064,0.940548,2.69741e-06,0.0378695,6,4.16642,4.37763,4.47064,0.940548,2.69741e-06,1,1,1
3,3,117,0.000,0.0601005,0,nan,nan,nan,0.582567,7.30204e-06,0.0601005,0,nan,nan,nan,0.582567,7.30204e-06,1,1,1
4,4,155,0.000,0.035878,2,4.15112,4.18878,4.19819,1.39857,2.2159e-06,0.035878,2,4.15112,4.18878,4.19819,1.39857,2.2159e-06,1,1,1
5,5,198,0.000,0.059313,3,4.5235,4.87826,4.96695,0.786651,6.53719e-06,0.059313,3,4.5235,4.87826,4.96695,0.786651,6.53719e-06,1,1,1
6,6,204,0.000,0.0218146,14,4.40998,5.35364,5.80972,1.46119,8.86209e-07,0.0218146,14,4.40998,5.35364,5.80972,1.46119,8.86209e-07,1,1,1
7,7,265,0.000,0.0329489,5,4.37161,5.12453,5.57972,1.47332,1.85455e-06,0.0329489,5,4.37161,5.12453,5.57972,1.47332,1.85455e-06,1,1,1
8,8,264,0.000,0.0402224,1,4.43729,4.43729,4.43729,0.245888,3.44425e-06,0.0402224,1,4.43729,4.43729,4.43729,0.245888,3.44425e-06,1,1,1
9,9,290,0.000,0.192564,31,5.04411,6.62536,8.26296,1.8449,7.19146e-05,0.192564,31,5.04411,6.62536,8.26296,1.8449,7.19146e-05,1,1,1
10,10,291,0.000,0.127683,10,4.981,9.07456,9.73548,0.949627,3.4778e-05,0.127683,10,4.981,9.07456,9.73548,0.949627,3.4778e-05,1,1,1
11,11,329,0.000,0.166374,23,7.43564,9.22545,10.7735,2.61459,5.33905e-05,0.166374,23,7.43564,9.22545,10.7735,2.61459,5.33905e-05,1,1,1
12,12,313,0.000,0.187857,22,4.91697,6.67294,7.86255,1.78563,6.59411e-05,0.187857,22,4.91697,6.67294,7.86255,1.78563,6.59411e-05,1,1,1
13,13,25,0.000,0.069581,0,nan,nan,nan,1.16307,8.82748e-06,0.069581,0,nan,nan,nan,1.16307,8.82748e-06,1,1,1
14,14,133,0.000,0.159846,39,8.09242,9.83519,12.9754,5.77248,4.32285e-05,0.159846,39,8.09242,9.83519,12.9754,5.77248,4.32285e-05,1,1,1
15,15,203,0.000,0.0587184,1,4.84695,4.84695,4.84695,0.603557,6.81795e-06,0.0587184,1,4.84695,4.84695,4.84695,0.603557,6.81795e-06,1,1,1
16,16,241,0.000,0.0772787,0,nan,nan,nan,0.377206,1.23669e-05,0.0772787,0,nan,nan,nan,0.377206,1.23669e-05,1,1,1
17,17,240,0.000,0.0377437,164,5.19942,6.93842,10.0805,0.12735,1.2722e-05,0.0377437,164,5.19942,6.93842,10.0805,0.12735,1.2722e-05,1,1,1
18,18,193,0.000,0.049099,21,4.55881,5.08021,5.42811,1.42854,4.37926e-06,0.049099,21,4.55881,5.08021,5.42811,1.42854,4.37926e-06,1,1,1
19,19,140,0.000,0.0344318,8,4.51234,5.2223,5.23907,1.27918,2.14659e-06,0.0344318,8,4.51234,5.2223,5.23907,1.27918,2.14659e-06,1,1,1
20,20,238,0.000,0.0903192,0,nan,nan,nan,0.4119,1.82561e-05,0.0903192,0,nan,nan,nan,0.4119,1.82561e-05,1,1,1
21,21,62,0.000,0.0335352,14,4.71025,5.17992,5.80816,2.09926,1.84834e-06,0.0335352,14,4.71025,5.17992,5.80816,2.09926,1.84834e-06,1,1,1
22,22,165,0.000,0.180259,42,6.61156,8.01714,9.13286,2.46782,6.42998e-05,0.180259,42,6.61156,8.01714,9.13286,2.46782,6.42998e-05,1,1,1
23,23,50,0.000,0.161315,39,5.17727,7.38818,9.75289,2.43092,4.63564e-05,0.161315,39,5.17727,7.38818,9.75289,2.43092,4.63564e-05,1,1,1
24,24,349,0.000,0.0235549,31,4.56954,5.48293,6.25969,1.72229,1.06355e-06,0.0235549,31,4.56954,5.48293,6.25969,1.72229,1.06355e-06,1,1,1
25,25,185,0.000,0.0570312,9,4.82558,5.79503,7.06443,0.69349,6.30894e-06,0.0570312,9,4.82558,5.79503,7.06443,0.69349,6.30894e-06,1,1,1
26,26,65,0.000,0.0327581,1,4.05958,4.05958,4.05958,0.366049,2.40799e-06,0.0327581,1,4.05958,4.05958,4.05958,0.366049,2.40799e-06,1,1,1
27,27,141,0.000,0.0240714,27,4.97651,5.74248,6.54813,1.67794,1.06322e-06,0.0240714,27,4.97651,5.74248,6.54813,1.67794,1.06322e-06,1,1,1
28,28,330,0.000,0.0472499,6,4.20177,5.0194,5.25328,1.30146,4.11372e-06,0.0472499,6,4.20177,5.0194,5.25328,1.30146,4.11372e-06,1,1,1
29,29,278,0.000,0.129758,39,5.11543,8.5442,9.32249,1.47587,3.22344e-05,0.129758,39,5.11543,8.5442,9.32249,1.47587,3.22344e-05,1,1,1
30,30,82,0.000,0.0251259,13,5.00049,5.597,5.69425,1.44317,1.20128e-06,0.0251259,13,5.00049,5.597,5.69425,1.44317,1.20128e-06,1,1,1
31,31,191,0.000,0.0307963,9,4.55305,5.30391,7.08118,1.24995,1.80024e-06,0.0307963,9,4.55305,5.30391,7.08118,1.24995,1.80024e-06,1,1,1
32,32,171,0.000,0.120458,36,5.96782,7.83565,10.2302,1.9782,3.1095e-05,0.120458,36,5.96782,7.83565,10.2302,1.9782,3.1095e-05,1,1,1
33,33,90,0.000,0.175643,27,4.6456,7.25798,8.05991,2.19631,5.6715e-05,0.175643,27,4.6456,7.25798,8.05991,2.19631,5.6715e-05,1,1,1
34,34,252,0.000,0.142718,20,4.6762,6.82584,8.55362,1.19651,3.95698e-05,0.142718,20,4.6762,6.82584,8.55362,1.19651,3.95698e-05,1,1,1
35,35,175,0.000,0.0136854,23,4.76331,6.18788,7.89469,3.77184,2.64395e-07,0.0136854,23,4.76331,6.18788,7.89469,3.77184,2.64395e-07,1,1,1
36,36,26,0.000,0.0384268,26,4.95016,6.35023,7.03047,2.09268,2.57923e-06,0.0384268,26,4.95016,6.35023,7.03047,2.09268,2.57923e-06,1,1,1
37,37,126,0.000,0.0491651,7,4.36367,5.54346,5.90289,0.776486,4.60074e-06,0.0491651,7,4.36367,5.54346,5.90289,0.776486,4.60074e-06,1,1,1
38,38,19,0.000,0.0454531,1,4.44465,4.44465,4.44465,0.590812,4.43284e-06,0.0454531,1,4.44465,4.44465,4.44465,0.590812,4.43284e-06,1,1,1
39,39,230,0.000,0.0367638,19,5.18712,6.19887,7.0765,1.30253,2.71417e-06,0.0367638,19,5.18712,6.19887,7.0765,1.30253,2.71417e-06,1,1,1
40,40,279,0.000,0.0618096,22,4.98286,5.91248,6.82112,1.19207,7.75745e-06,0.0618096,22,4.98286,5.91248,6.82112,1.19207,7.75745e-06,1,1,1
41,41,316,0.000,0.0326304,11,4.65835,5.13671,5.33903,1.35643,2.1015e-06,0.0326304,11,4.65835,5.13671,5.33903,1.35643,2.1015e-06,1,1,1
42,42,335,0.000,0.0516332,7,4.26865,5.00817,5.08331,0.771557,5.60679e-06,0.0516332,7,4.26865,5.00817,5.08331,0.771557,5.60679e-06,1,1,1
43,43,22,0.000,0.0281432,4,4.39984,4.87785,5.05719,1.2577,1.4804e-06,0.0281432,4,4.39984,4.87785,5.05719,1.2577,1.4804e-06,1,1,1
44,44,228,0.000,0.173854,39,5.01986,7.03164,8.41498,2.48309,5.40516e-05,0.173854,39,5.01986,7.03164,8.41498,2.48309,5.40516e-05,1,1,1
45,45,160,0.000,0.0896309,0,nan,nan,nan,0.337493,1.5493e-05,0.0896309,0,nan,nan,nan,0.337493,1.5493e-05,1,1,1
46,46,29,0.000,0.197187,7,6.03432,7.0094,7.15168,1.58319,6.66021e-05,0.197187,7,6.03432,7.0094,7.15168,1.58319,6.66021e-05,1,1,1
47,47,30,0.000,0.146658,4,6.74209,6.98514,7.026,0.347101,4.79679e-05,0.146658,4,6.74209,6.98514,7.026,0.347101,4.79679e-05,1,1,1
48,48,134,0.000,0.149553,43,5.44143,7.42775,9.68585,2.00756,4.48354e-05,0.149553,43,5.44143,7.42775,9.68585,2.00756,4.48354e-05,1,1,1
49,49,146,0.000,0.0491762,7,4.17161,4.92261,5.4995,0.882627,4.70774e-06,0.0491762,7,4.17161,4.92261,5.4995,0.882627,4.70774e-06,1,1,1
50,50,276,0.000,0.034408,11,4.47071,5.32837,6.43653,0.890831,2.70114e-06,0.034408,11,4.47071,5.32837,6.43653,0.890831,2.70114e-06,1,1,1
51,51,317,0.000,0.0291117,26,4.30796,5.83333,6.43708,2.3512,1.4956e-06,0.0291117,26,4.30796,5.83333,6.43708,2.3512,1.4956e-06,1,1,1
52,52,199,0.000,0.0330546,14,4.65818,5.11403,5.49432,1.40554,2.09807e-06,0.0330546,14,4.65818,5.11403,5.49432,1.40554,2.09807e-06,1,1,1
53,53,118,0.000,0.0351054,30,4.61241,5.41806,6.7612,1.24312,2.44362e-06,0.0351054,30,4.61241,5.41806,6.7612,1.24312,2.44362e-06,1,1,1
54,54,181,0.000,0.0273025,2,4.25467,4.36394,4.39125,0.853305,1.48972e-06,0.0273025,2,4.25467,4.36394,4.39125,0.853305,1.48972e-06,1,1,1
55,55,93,0.000,0.19334,22,5.08858,6.61033,7.46295,0.834222,7.91598e-05,0.19334,22,5.08858,6.61033,7.46295,0.834222,7.91598e-05,1,1,1
56,56,94,0.000,0.159924,3,6.72259,6.81959,6.84384,0.33309,5.5958e-05,0.159924,3,6.72259,6.81959,6.84384,0.33309,5.5958e-05,1,1,1
57,57,201,0.000,0.0174223,19,4.5824,6.45045,7.67161,3.72316,4.24299e-07,0.0174223,19,4.5824,6.45045,7.67161,3.72316,4.24299e-07,1,1,1
58,58,77,0.000,0.0308781,11,4.43556,5.47326,5.93825,2.0661,1.60762e-06,0.0308781,11,4.43556,5.47326,5.93825,2.0661,1.60762e-06,1,1,1
59,59,144,0.000,0.0466311,16,5.64803,7.12816,7.19731,1.37291,4.13815e-06,0.0466311,16,5.64803,7.12816,7.19731,1.37291,4.13815e-06,1,1,1
60,60,268,0.000,0.054797,19,4.60781,5.11431,5.75388,1.09139,6.22736e-06,0.054797,19,4.60781,5.11431,5.75388,1.09139,6.22736e-06,1,1,1
61,61,176,0.000,0.0674515,7,4.62802,5.05874,5.42715,0.993819,8.38714e-06,0.0674515,7,4.62802,5.05874,5.42715,0.993819,8.38714e-06,1,1,1
62,62,179,0.000,0.038861,9,4.51654,4.82839,5.26166,1.63604,2.6121e-06,0.038861,9,4.51654,4.82839,5.26166,1.63604,2.6121e-06,1,1,1
63,63,269,0.000,0.0651426,23,4.55344,5.77757,6.84318,1.19499,8.39852e-06,0.0651426,23,4.55344,5.77757,6.84318,1.19499,8.39852e-06,1,1,1
64,64,325,0.000,0.199093,64,5.67534,7.21634,8.6697,2.84295,7.49533e-05,0.199093,64,5.67534,7.21634,8.6697,2.84295,7.49533e-05,1,1,1
65,65,76,0.000,0.144478,22,5.14371,8.08511,8.88939,1.57671,4.07404e-05,0.144478,22,5.14371,8.08511,8.88939,1.57671,4.07404e-05,1,1,1
66,66,2,0.000,0.0618438,0,nan,nan,nan,0.761671,7.79999e-06,0.0618438,0,nan,nan,nan,0.761671,7.79999e-06,1,1,1
67,67,69,0.000,0.0643292,0,nan,nan,nan,0.391121,9.10082e-06,0.0643292,0,nan,nan,nan,0.391121,9.10082e-06,1,1,1
68,68,186,0.000,0.0280854,3,4.7176,4.73098,4.73433,0.865917,1.65597e-06,0.0280854,3,4.7176,4.73098,4.73433,0.865917,1.65597e-06,1,1,1
69,69,343,0.000,0.0546341,1,4.29552,4.29552,4.29552,0.345219,6.69077e-06,0.0546341,1,4.29552,4.29552,4.29552,0.345219,6.69077e-06,1,1,1
70,70,242,0.000,0.0195183,146,27.8521,29.9895,30.7625,0.189709,1.82709e-05,0.0195183,146,27.8521,29.9895,30.7625,0.189709,1.82709e-05,1,1,1
71,71,41,0.000,0.147538,35,6.97398,8.56922,9.96635,4.60405,3.96852e-05,0.147538,35,6.97398,8.56922,9.96635,4.60405,3.96852e-05,1,1,1
72,72,189,0.000,0.0208075,12,4.33514,4.96884,5.37458,1.56006,7.75441e-07,0.0208075,12,4.33514,4.96884,5.37458,1.56006,7.75441e-07,1,1,1
73,73,342,0.000,0.0420555,14,4.41831,4.81918,5.32806,1.04674,3.36565e-06,0.0420555,14,4.41831,4.81918,5.32806,1.04674,3.36565e-06,1,1,1
74,74,68,0.000,0.147314,34,5.02803,7.71696,8.01353,1.42346,4.20037e-05,0.147314,34,5.02803,7.71696,8.01353,1.42346,4.20037e-05,1,1,1
75,75,36,0.000,0.0179606,26,5.18139,7.35757,8.16928,2.78455,5.33414e-07,0.0179606,26,5.18139,7.35757,8.16928,2.78455,5.33414e-07,1,1,1
76,76,222,0.000,0.169219,23,4.45927,6.24582,7.11254,1.67626,5.14794e-05,0.169219,23,4.45927,6.24582,7.11254,1.67626,5.14794e-05,1,1,1
77,77,271,0.000,0.141751,34,9.69531,11.5892,12.2281,6.84961,3.42972e-05,0.141751,34,9.69531,11.5892,12.2281,6.84961,3.42972e-05,1,1,1
78,78,297,0.000,0.035079,9,4.45501,5.15223,5.63974,1.26396,2.26516e-06,0.035079,9,4.45501,5.15223,5.63974,1.26396,2.26516e-06,1,1,1
79,79,11,0.000,0.0246446,26,4.81752,5.76575,8.03511,2.15589,1.07304e-06,0.0246446,26,4.81752,5.76575,8.03511,2.15589,1.07304e-06,1,1,1
80,80,127,0.000,0.167208,18,5.01518,7.81678,8.97235,1.66886,5.36503e-05,0.167208,18,5.01518,7.81678,8.97235,1.66886,5.36503e-05,1,1,1
81,81,48,0.000,0.0245481,22,4.77274,6.68518,7.60592,1.87344,1.04236e-06,0.0245481,22,4.77274,6.68518,7.60592,1.87344,1.04236e-06,1,1,1
82,82,60,0.000,0.0323982,4,4.23139,4.97548,5.28189,0.762668,2.13525e-06,0.0323982,4,4.23139,4.97548,5.28189,0.762668,2.13525e-06,1,1,1
83,83,102,0.000,0.0155045,42,59.3017,61.461,62.5443,0.257578,3.6415e-06,0.0154926,42,59.33,61.478,62.5622,0.258483,3.63626e-06,0.999999,0.999999,0.999997
84,84,119,0.000,0.0279161,10,4.35369,4.55274,4.64726,1.21012,1.52083e-06,0.0279161,10,4.35369,4.55274,4.64726,1.21012,1.52083e-06,1,1,1
85,85,225,0.000,0.0315861,2,4.18721,4.27196,4.29315,0.924021,1.84981e-06,0.0315861,2,4.18721,4.27196,4.29315,0.924021,1.84981e-06,1,1,1
86,86,147,0.000,0.153049,33,5.63122,8.01439,9.93333,2.45141,4.56224e-05,0.153049,33,5.63122,8.01439,9.93333,2.45141,4.56224e-05,1,1,1
87,87,294,0.000,0.178547,30,7.29335,8.15752,9.26216,2.27227,6.26577e-05,0.178547,30,7.29335,8.15752,9.26216,2.27227,6.26577e-05,1,1,1
88,88,283,0.000,0.0480102,15,4.48969,4.83828,4.95028,0.618064,4.94439e-06,0.0480102,15,4.48969,4.83828,4.95028,0.618064,4.94439e-06,1,1,1
89,89,300,0.000,0.135811,7,4.92009,8.13632,8.48305,0.982214,3.66951e-05,0.135811,7,4.92009,8.13632,8.48305,0.982214,3.66951e-05,1,1,1
90,90,324,0.000,0.1695,49,7.65529,8.83453,9.88076,4.43821,5.31526e-05,0.1695,49,7.65529,8.83453,9.88076,4.43821,5.31526e-05,1,1,1
91,91,190,0.000,0.139916,21,5.05864,7.98015,8.94082,0.747351,4.31509e-05,0.139916,21,5.05864,7.98015,8.94082,0.747351,4.31509e-05,1,1,1
92,92,38,0.000,0.162469,47,5.40362,6.71955,8.41212,1.74284,5.19732e-05,0.162469,47,5.40362,6.71955,8.41212,1.74284,5.19732e-05,1,1,1
93,93,47,0.000,0.044728,5,4.15224,5.68521,6.32603,0.581291,4.20824e-06,0.044728,5,4.15224,5.68521,6.32603,0.581291,4.20824e-06,1,1,1
94,94,112,0.000,0.0735973,5,4.30973,4.74914,4.86637,0.722768,1.07462e-05,0.0735973,5,4.30973,4.74914,4.86637,0.722768,1.07462e-05,1,1,1
95,95,34,0.000,0.0358455,17,4.60525,5.17987,5.42538,1.45435,2.43065e-06,0.0358455,17,4.60525,5.17987,5.42538,1.45435,2.43065e-06,1,1,1
96,96,142,0.000,0.162843,16,4.69919,7.55042,9.81792,1.83214,4.422e-05,0.162843,16,4.69919,7.55042,9.81792,1.83214,4.422e-05,1,1,1
97,97,285,0.000,0.0426728,10,4.55335,5.40555,5.88555,0.782343,3.72172e-06,0.0426728,10,4.55335,5.40555,5.88555,0.782343,3.72172e-06,1,1,1
98,98,120,0.000,0.0562194,5,4.54208,4.92733,5.10701,0.842528,6.21837e-06,0.0562194,5,4.54208,4.92733,5.10701,0.842528,6.21837e-06,1,1,1
99,99,213,0.000,0.0194077,19,4.58122,5.82221,9.11049,2.35407,6.08678e-07,0.0194077,19,4.58122,5.82221,9.11049,2.35407,6.08678e-07,1,1,1
100,100,332,0.000,0.199439,21,4.87861,6.91301,7.91384,1.37023,7.71692e-05,0.199439,21,4.87861,6.91301,7.91384,1.37023,7.71692e-05,1,1,1
101,101,321,0.000,0.0432982,5,4.13917,4.34836,4.35559,0.582838,3.99434e-06,0.0432982,5,4.13917,4.34836,4.35559,0.582838,3.99434e-06,1,1,1
102,102,59,0.000,0.0352357,33,4.68035,5.46224,6.42235,1.43106,2.34113e-06,0.0352357,33,4.68035,5.46224,6.42235,1.43106,2.34113e-06,1,1,1
103,103,33,0.000,0.0404719,8,4.32913,5.52788,5.75007,1.56914,2.69051e-06,0.0404719,8,4.32913,5.52788,5.75007,1.56914,2.69051e-06,1,1,1
104,104,111,0.000,0.210966,32,5.39564,6.79018,9.10951,2.57073,7.56095e-05,0.210966,32,5.39564,6.79018,9.10951,2.57073,7.56095e-05,1,1,1
105,105,322,0.000,0.0422622,9,4.15026,4.65958,4.68902,0.645489,3.89746e-06,0.0422622,9,4.15026,4.65958,4.68902,0.645489,3.89746e-06,1,1,1
106,106,214,0.000,0.0301503,18,4.45402,4.76534,5.41485,1.27397,1.72816e-06,0.0301503,18,4.45402,4.76534,5.41485,1.27397,1.72816e-06,1,1,1
107,107,32,0.000,0.0351607,11,4.46534,5.10343,5.33803,1.37012,2.38728e-06,0.0351607,11,4.46534,5.10343,5.33803,1.37012,2.38728e-06,1,1,1
108,108,28,0.000,0.049913,29,4.67333,5.43219,6.44207,1.42167,4.30686e-06,0.049913,29,4.67333,5.43219,6.44207,1.42167,4.30686e-06,1,1,1
109,109,223,0.000,0.0611315,6,4.11775,4.74554,5.02011,0.618746,7.90112e-06,0.0611315,6,4.11775,4.74554,5.02011,0.618746,7.90112e-06,1,1,1
110,110,258,0.000,0.141468,24,9.28648,11.3142,11.9124,3.08945,4.19273e-05,0.141468,24,9.28648,11.3142,11.9124,3.08945,4.19273e-05,1,1,1
111,111,287,0.000,0.0229584,9,4.22809,4.97502,5.67372,1.48134,9.34841e-07,0.0229584,9,4.22809,4.97502,5.67372,1.48134,9.34841e-07,1,1,1
112,112,350,0.000,0.169698,13,5.24792,7.2188,7.62868,1.09807,5.79043e-05,0.169698,13,5.24792,7.2188,7.62868,1.09807,5.79043e-05,1,1,1
113,113,16,0.000,0.0232334,8,4.25536,4.82817,5.83466,1.30166,9.64185e-07,0.0232334,8,4.25536,4.82817,5.83466,1.30166,9.64185e-07,1,1,1
114,114,224,0.000,0.0539941,12,4.26751,4.63174,4.68455,0.430893,6.69468e-06,0.0539941,12,4.26751,4.63174,4.68455,0.430893,6.69468e-06,1,1,1
115,115,273,0.000,0.0461058,11,4.18262,4.63704,5.11915,0.715712,4.27341e-06,0.0461058,11,4.18262,4.63704,5.11915,0.715712,4.27341e-06,1,1,1
116,116,12,0.000,0.0313892,8,4.26412,4.7406,4.98096,1.16365,1.85867e-06,0.0313892,8,4.26412,4.7406,4.98096,1.16365,1.85867e-06,1,1,1
117,117,3,0.000,0.127136,25,5.01521,8.46033,9.63546,1.62855,3.07138e-05,0.127136,25,5.01521,8.46033,9.63546,1.62855,3.07138e-05,1,1,1
118,118,75,0.000,0.0406021,16,4.53796,5.20494,5.49713,1.37236,3.19079e-06,0.0406021,16,4.53796,5.20494,5.49713,1.37236,3.19079e-06,1,1,1
119,119,301,0.000,0.041548,24,4.85103,5.99699,6.78682,1.07544,3.44155e-06,0.041548,24,4.85103,5.99699,6.78682,1.07544,3.44155e-06,1,1,1
120,120,303,0.000,0.0499886,12,4.72519,5.01668,5.14939,0.714758,5.05293e-06,0.0499886,12,4.72519,5.01668,5.14939,0.714758,5.05293e-06,1,1,1
121,121,27,0.000,0.046022,2,4.38017,4.60404,4.66,0.777942,4.30115e-06,0.046022,2,4.38017,4.60404,4.66,0.777942,4.30115e-06,1,1,1
122,122,219,0.000,0.0535121,1,4.05961,4.05961,4.05961,0.251487,6.91602e-06,0.0535121,1,4.05961,4.05961,4.05961,0.251487,6.91602e-06,1,1,1
123,123,272,0.000,0.032699,32,4.91671,6.98563,8.15331,1.88143,2.05179e-06,0.032699,32,4.91671,6.98563,8.15331,1.88143,2.05179e-06,1,1,1
124,124,218,0.000,0.0537287,6,4.61028,4.94709,5.09194,0.451386,6.55657e-06,0.0537287,6,4.61028,4.94709,5.09194,0.451386,6.55657e-06,1,1,1
125,125,333,0.000,0.0700536,7,4.47785,4.90508,5.11283,0.514703,1.03358e-05,0.0700536,7,4.47785,4.90508,5.11283,0.514703,1.03358e-05,1,1,1
126,126,182,0.000,0.0332458,49,4.89223,5.78734,6.8972,1.89999,2.2586e-06,0.0332458,49,4.89223,5.78734,6.8972,1.89999,2.2586e-06,1,1,1
127,127,159,0.000,0.0178021,63,53.5972,56.7199,57.4586,0.0941731,9.94367e-06,0.0176341,63,53.287,56.4123,57.063,0.0966014,9.651e-06,0.999911,0.999941,0.999729
128,128,14,0.000,0.0408625,11,5.30463,5.95827,6.40913,1.37332,3.15188e-06,0.0408625,11,5.30463,5.95827,6.40913,1.37332,3.15188e-06,1,1,1
129,129,4,0.000,0.044587,2,4.13928,4.18956,4.20213,0.725914,4.11833e-06,0.044587,2,4.13928,4.18956,4.20213,0.725914,4.11833e-06,1,1,1
130,130,334,0.000,0.0663321,6,4.73588,5.41702,5.6558,0.565249,9.05342e-06,0.0663321,6,4.73588,5.41702,5.6558,0.565249,9.05342e-06,1,1,1
131,131,270,0.000,0.0204199,33,4.88749,6.6315,11.7935,2.79788,7.51661e-07,0.0204199,33,4.88749,6.6315,11.7935,2.79788,7.51661e-07,1,1,1
132,132,221,0.000,0.069617,0,nan,nan,nan,0.601008,8.97317e-06,0.069617,0,nan,nan,nan,0.601008,8.97317e-06,1,1,1
133,133,105,0.000,0.0255626,4,7.49692,7.62607,7.65591,0.802536,1.48941e-06,0.0255626,4,7.49692,7.62607,7.65591,0.802536,1.48941e-06,1,1,1
134,134,184,0.000,0.0413426,10,4.73679,5.56937,6.0118,1.39939,3.11834e-06,0.0413426,10,4.73679,5.56937,6.0118,1.39939,3.11834e-06,1,1,1
135,135,262,0.000,0.0163767,112,32.1558,37.3023,58.1651,0.136679,9.41613e-06,0.0163767,112,32.1558,37.3023,58.1651,0.136679,9.41613e-06,1,1,1
136,136,78,0.000,0.133926,8,5.11967,9.80024,10.4984,1.57923,3.28789e-05,0.133926,8,5.11967,9.80024,10.4984,1.57923,3.28789e-05,1,1,1
137,137,220,0.000,0.148467,6,4.86454,8.02431,9.13199,0.460387,4.98217e-05,0.148467,6,4.86454,8.02431,9.13199,0.460387,4.98217e-05,1,1,1
138,138,281,0.000,0.159087,38,7.76175,8.80175,11.0004,3.55271,4.54407e-05,0.159087,38,7.76175,8.80175,11.0004,3.55271,4.54407e-05,1,1,1
139,139,196,0.000,0.125118,17,9.85463,11.4014,12.5013,2.48748,3.14209e-05,0.125118,17,9.85463,11.4014,12.5013,2.48748,3.14209e-05,1,1,1
140,140,24,0.000,0.0489309,7,4.39107,5.01066,5.10529,0.987975,4.48713e-06,0.0489309,7,4.39107,5.01066,5.10529,0.987975,4.48713e-06,1,1,1
141,141,311,0.000,0.0326007,16,4.57339,6.61687,8.14049,1.78052,1.96724e-06,0.0326007,16,4.57339,6.61687,8.14049,1.78052,1.96724e-06,1,1,1
142,142,277,0.000,0.0300851,7,4.63353,4.79703,5.00799,0.949872,1.83069e-06,0.0300851,7,4.63353,4.79703,5.00799,0.949872,1.83069e-06,1,1,1
143,143,339,0.000,0.172073,50,5.59484,7.67298,9.44629,1.9869,6.26703e-05,0.172073,50,5.59484,7.67298,9.44629,1.9869,6.26703e-05,1,1,1
144,144,5,0.000,0.0561657,32,4.48623,5.34048,5.538,1.36539,6.17241e-06,0.0561657,32,4.48623,5.34048,5.538,1.36539,6.17241e-06,1,1,1
145,145,192,0.000,0.0437079,16,5.10486,6.38103,6.80906,1.63063,3.69438e-06,0.0437079,16,5.10486,6.38103,6.80906,1.63063,3.69438e-06,1,1,1
146,146,248,0.000,0.114397,33,6.40839,7.68991,11.1565,2.73014,2.32695e-05,0.114397,33,6.40839,7.68991,11.1565,2.73014,2.32695e-05,1,1,1
147,147,308,0.000,0.0415818,6,4.38344,4.98586,5.37867,0.993276,3.50239e-06,0.0415818,6,4.38344,4.98586,5.37867,0.993276,3.50239e-06,1,1,1
148,148,10,0.000,0.152467,25,4.99605,7.29313,7.95868,1.27229,4.98283e-05,0.152467,25,4.99605,7.29313,7.95868,1.27229,4.98283e-05,1,1,1
149,149,35,0.000,0.155709,80,5.27962,6.61269,8.99994,2.2393,5.14616e-05,0.155709,80,5.27962,6.61269,8.99994,2.2393,5.14616e-05,1,1,1
150,150,46,0.000,0.169631,23,7.48478,8.84121,11.417,2.34894,5.8159e-05,0.169631,23,7.48478,8.84121,11.417,2.34894,5.8159e-05,1,1,1
151,151,173,0.000,0.157181,32,5.38482,7.88992,8.57763,1.55296,5.35738e-05,0.157181,32,5.38482,7.88992,8.57763,1.55296,5.35738e-05,1,1,1
152,152,6,0.000,0.0634249,13,4.26737,4.65808,4.87796,1.07636,7.53022e-06,0.0634249,13,4.26737,4.65808,4.87796,1.07636,7.53022e-06,1,1,1
153,153,187,0.000,0.132031,31,5.43588,6.57736,9.60593,1.53446,3.45551e-05,0.132031,31,5.43588,6.57736,9.60593,1.53446,3.45551e-05,1,1,1
154,154,88,0.000,0.0126275,23,4.46712,5.7034,6.01729,3.48184,2.36445e-07,0.0126275,23,4.46712,5.7034,6.01729,3.48184,2.36445e-07,1,1,1
155,155,309,0.000,0.120376,15,4.82375,8.81873,9.69356,0.976508,3.20497e-05,0.120376,15,4.82375,8.81873,9.69356,0.976508,3.20497e-05,1,1,1
156,156,39,0.000,0.144546,31,7.77672,9.81272,10.8289,2.90034,4.19038e-05,0.144546,31,7.77672,9.81272,10.8289,2.90034,4.19038e-05,1,1,1
157,157,132,0.000,0.0308247,30,5.27641,6.14551,6.78081,1.34234,1.98182e-06,0.0308247,30,5.27641,6.14551,6.78081,1.34234,1.98182e-06,1,1,1
158,158,180,0.000,0.0475573,1,4.4784,4.4784,4.4784,0.331937,4.93815e-06,0.0475573,1,4.4784,4.4784,4.4784,0.331937,4.93815e-06,1,1,1
159,159,58,0.000,0.0683454,17,4.48409,5.35949,6.57239,0.980144,9.48983e-06,0.0683454,17,4.48409,5.35949,6.57239,0.980144,9.48983e-06,1,1,1
160,160,84,0.000,0.156958,44,6.93794,8.37116,8.96807,1.95511,5.57801e-05,0.156958,44,6.93794,8.37116,8.96807,1.95511,5.57801e-05,1,1,1
161,161,234,0.000,0.191194,29,5.13295,8.12536,10.1839,2.93466,6.85051e-05,0.191194,29,5.13295,8.12536,10.1839,2.93466,6.85051e-05,1,1,1
162,162,235,0.000,0.159097,30,5.27543,7.85919,9.30351,1.84368,5.10232e-05,0.159097,30,5.27543,7.85919,9.30351,1.84368,5.10232e-05,1,1,1
163,163,295,0.000,0.0346003,16,4.41166,5.8977,8.8566,2.06115,2.06494e-06,0.0346003,16,4.41166,5.8977,8.8566,2.06115,2.06494e-06,1,1,1
164,164,286,0.000,0.199655,21,5.02346,6.6303,7.31772,1.23752,8.0237e-05,0.199655,21,5.02346,6.6303,7.31772,1.23752,8.0237e-05,1,1,1
165,165,299,0.000,0.0459739,15,4.75856,5.50988,5.69744,1.38866,4.02297e-06,0.0459739,15,4.75856,5.50988,5.69744,1.38866,4.02297e-06,1,1,1
166,166,56,0.000,0.204662,41,6.12941,7.72373,11.4284,5.22891,6.21489e-05,0.204662,41,6.12941,7.72373,11.4284,5.22891,6.21489e-05,1,1,1
167,167,177,0.000,0.0505634,16,4.56008,4.99464,5.4596,1.09974,4.8812e-06,0.0505634,16,4.56008,4.99464,5.4596,1.09974,4.8812e-06,1,1,1
168,168,95,0.000,0.0672366,1,4.0477,4.0477,4.0477,0.540143,9.57419e-06,0.0672366,1,4.0477,4.0477,4.0477,0.540143,9.57419e-06,1,1,1
169,169,145,0.000,0.0478007,0,nan,nan,nan,0.509542,4.51866e-06,0.0478007,0,nan,nan,nan,0.509542,4.51866e-06,1,1,1
170,170,178,0.000,0.0645701,13,4.24992,4.70806,5.32386,0.798182,8.39234e-06,0.0645701,13,4.24992,4.70806,5.32386,0.798182,8.39234e-06,1,1,1
171,171,113,0.000,0.160501,4,6.13742,8.0917,8.89671,0.726097,5.17078e-05,0.160501,4,6.13742,8.0917,8.89671,0.726097,5.17078e-05,1,1,1
172,172,148,0.000,0.0312013,7,4.95586,5.33407,5.42095,0.924308,1.95221e-06,0.0312013,7,4.95586,5.33407,5.42095,0.924308,1.95221e-06,1,1,1
173,173,197,0.000,0.136958,41,6.09255,8.39038,9.76813,2.58791,3.84551e-05,0.136958,41,6.09255,8.39038,9.76813,2.58791,3.84551e-05,1,1,1
174,174,319,0.000,0.137125,11,4.4266,8.34175,9.63268,1.23791,3.27763e-05,0.137125,11,4.4266,8.34175,9.63268,1.23791,3.27763e-05,1,1,1
175,175,337,0.000,0.0621973,8,4.42527,4.81765,5.06858,0.621448,7.77907e-06,0.0621973,8,4.42527,4.81765,5.06858,0.621448,7.77907e-06,1,1,1
176,176,260,0.000,0.133496,31,7.11011,9.33238,10.3217,2.69806,3.44119e-05,0.133496,31,7.11011,9.33238,10.3217,2.69806,3.44119e-05,1,1,1
177,177,261,0.000,0.125136,36,5.30214,7.1134,9.77823,1.7414,3.06148e-05,0.125136,36,5.30214,7.1134,9.77823,1.7414,3.06148e-05,1,1,1
178,178,54,0.000,0.161522,39,7.26682,8.92742,9.47951,2.72672,5.20372e-05,0.161522,39,7.26682,8.92742,9.47951,2.72672,5.20372e-05,1,1,1
179,179,20,0.000,0.0470872,34,4.66763,5.48068,6.24916,1.34432,4.39137e-06,0.0470872,34,4.66763,5.48068,6.24916,1.34432,4.39137e-06,1,1,1
180,180,92,0.000,0.0544593,5,4.14217,4.38762,4.53226,0.767024,5.82554e-06,0.0544593,5,4.14217,4.38762,4.53226,0.767024,5.82554e-06,1,1,1
181,181,149,0.000,0.180384,29,5.08004,7.77174,9.32478,2.35641,6.14142e-05,0.19725,4,5.30767,5.94955,6.05178,0.446719,8.96185e-05,0.952156,0.413287,0.290937
182,182,250,0.000,0.144701,9,4.67557,7.16435,8.2294,1.00892,4.18488e-05,0.144701,9,4.67557,7.16435,8.2294,1.00892,4.18488e-05,1,1,1
183,183,251,0.000,0.144559,7,4.45708,8.3139,8.78882,0.911266,4.4724e-05,0.144559,7,4.45708,8.3139,8.78882,0.911266,4.4724e-05,1,1,1
184,184,320,0.000,0.177638,28,4.87396,6.92252,7.76355,1.36814,6.52798e-05,0.177638,28,4.87396,6.92252,7.76355,1.36814,6.52798e-05,1,1,1
185,185,351,0.000,0.160546,22,4.47057,7.51364,7.89886,1.3896,5.4892e-05,0.160546,22,4.47057,7.51364,7.89886,1.3896,5.4892e-05,1,1,1
186,186,211,0.000,0.0297054,30,5.16284,6.18497,7.3921,1.26174,1.95286e-06,0.0297054,30,5.16284,6.18497,7.3921,1.26174,1.95286e-06,1,1,1
187,187,338,0.000,0.0664038,5,4.62026,5.09075,5.14191,0.593898,8.85834e-06,0.0664038,5,4.62026,5.09075,5.14191,0.593898,8.85834e-06,1,1,1
188,188,21,0.000,0.140203,3,7.52433,7.8048,7.87492,0.631399,3.964e-05,0.140203,3,7.52433,7.8048,7.87492,0.631399,3.964e-05,1,1,1
189,189,341,0.000,0.0549276,3,4.32921,4.43716,4.46415,0.384751,7.02132e-06,0.0549276,3,4.32921,4.43716,4.46415,0.384751,7.02132e-06,1,1,1
190,190,23,0.000,0.0142778,20,4.44985,5.73257,7.54751,3.85787,2.9682e-07,0.0142778,20,4.44985,5.73257,7.54751,3.85787,2.9682e-07,1,1,1
191,191,55,0.000,0.14422,32,6.87305,8.97262,9.68298,2.23701,4.12987e-05,0.14422,32,6.87305,8.97262,9.68298,2.23701,4.12987e-05,1,1,1
192,192,244,0.000,0.153914,40,7.92116,8.90145,9.50127,2.60311,5.17147e-05,0.153914,40,7.92116,8.90145,9.50127,2.60311,5.17147e-05,1,1,1
193,193,53,0.000,0.139217,34,9.19057,10.6496,11.2135,4.1578,4.07327e-05,0.139217,34,9.19057,10.6496,11.2135,4.1578,4.07327e-05,1,1,1
194,194,169,0.000,0.0152701,16,4.36354,4.94781,6.73832,3.01677,3.56469e-07,0.0152701,16,4.36354,4.94781,6.73832,3.01677,3.56469e-07,1,1,1
195,195,304,0.000,0.0307353,5,4.34349,4.64232,4.69925,1.02592,1.77449e-06,0.0307353,5,4.34349,4.64232,4.69925,1.02592,1.77449e-06,1,1,1
196,196,70,0.000,0.0207915,18,4.48065,5.91242,7.01685,1.64613,8.3141e-07,0.0207915,18,4.48065,5.91242,7.01685,1.64613,8.3141e-07,1,1,1
197,197,72,0.000,0.0141666,35,4.68299,5.76671,6.99498,3.24259,3.17166e-07,0.0141666,35,4.68299,5.76671,6.99498,3.24259,3.17166e-07,1,1,1
198,198,188,0.000,0.0146091,13,4.58498,5.66599,5.8204,2.41748,3.37044e-07,0.0146091,13,4.58498,5.66599,5.8204,2.41748,3.37044e-07,1,1,1
199,199,51,0.000,0.0362605,22,4.7154,6.04543,6.69494,1.51082,2.59113e-06,0.0362605,22,4.7154,6.04543,6.69494,1.51082,2.59113e-06,1,1,1
200,200,305,0.000,0.151554,29,4.97595,7.43902,8.56057,1.18697,5.10252e-05,0.151554,29,4.97595,7.43902,8.56057,1.18697,5.10252e-05,1,1,1
201,201,310,0.000,0.0486982,0,nan,nan,nan,0.63556,4.11079e-06,0.0486982,0,nan,nan,nan,0.63556,4.11079e-06,1,1,1
202,202,137,0.000,0.176174,42,5.8731,7.4781,7.71514,2.07851,5.61412e-05,0.176174,42,5.8731,7.4781,7.71514,2.07851,5.61412e-05,1,1,1
203,203,83,0.000,0.0333595,14,4.60999,5.23749,5.82845,0.864594,2.42503e-06,0.0333595,14,4.60999,5.23749,5.82845,0.864594,2.42503e-06,1,1,1
204,204,108,0.000,0.160397,23,4.62959,6.53992,7.57544,1.13886,5.17511e-05,0.160397,23,4.62959,6.53992,7.57544,1.13886,5.17511e-05,1,1,1
205,205,298,0.000,0.0613765,0,nan,nan,nan,0.268505,8.2873e-06,0.0613765,0,nan,nan,nan,0.268505,8.2873e-06,1,1,1
206,206,43,0.000,0.0280063,28,4.40774,5.50729,8.23244,1.90131,1.44926e-06,0.0280063,28,4.40774,5.50729,8.23244,1.90131,1.44926e-06,1,1,1
207,207,49,0.000,0.0296987,38,5.44483,7.50781,9.68498,2.54673,1.6491e-06,0.0296987,38,5.44483,7.50781,9.68498,2.54673,1.6491e-06,1,1,1
208,208,116,0.000,0.0398835,3,4.95676,5.94285,6.18937,0.786166,3.05951e-06,0.0398835,3,4.95676,5.94285,6.18937,0.786166,3.05951e-06,1,1,1
209,209,209,0.000,0.0556971,6,4.57248,5.19091,5.512,0.71366,6.47051e-06,0.0556971,6,4.57248,5.19091,5.512,0.71366,6.47051e-06,1,1,1
210,210,89,0.000,0.0145265,23,4.96824,5.87734,6.44128,3.30939,3.21149e-07,0.0145265,23,4.96824,5.87734,6.44128,3.30939,3.21149e-07,1,1,1
211,211,103,0.000,0.0879379,1,4.1047,4.1047,4.1047,0.683495,1.55429e-05,0.0879379,1,4.1047,4.1047,4.1047,0.683495,1.55429e-05,1,1,1
212,212,109,0.000,0.0533759,0,nan,nan,nan,0.601886,5.58301e-06,0.0533759,0,nan,nan,nan,0.601886,5.58301e-06,1,1,1
213,213,346,0.000,0.0496209,7,4.34946,5.27158,5.7533,0.528083,5.40431e-06,0.0496209,7,4.34946,5.27158,5.7533,0.528083,5.40431e-06,1,1,1
214,214,232,0.000,0.0651246,0,nan,nan,nan,0.540882,9.00631e-06,0.0651246,0,nan,nan,nan,0.540882,9.00631e-06,1,1,1
215,215,205,0.000,0.0351308,30,4.8097,5.86001,6.49364,1.26629,2.49852e-06,0.0351308,30,4.8097,5.86001,6.49364,1.26629,2.49852e-06,1,1,1
216,216,239,0.000,0.0289086,22,4.91454,6.17294,6.40686,1.78536,1.51037e-06,0.0289086,22,4.91454,6.17294,6.40686,1.78536,1.51037e-06,1,1,1
217,217,296,0.000,0.161503,54,5.02313,6.82788,9.35463,2.10701,5.07575e-05,0.161503,54,5.02313,6.82788,9.35463,2.10701,5.07575e-05,1,1,1
218,218,153,0.000,0.0309224,5,4.71816,6.20299,6.84161,1.07633,1.90845e-06,0.0309224,5,4.71816,6.20299,6.84161,1.07633,1.90845e-06,1,1,1
219,219,40,0.000,0.0273712,11,4.54566,5.15816,6.3541,1.42623,1.42351e-06,0.0273712,11,4.54566,5.15816,6.3541,1.42623,1.42351e-06,1,1,1
220,220,345,0.000,0.0373139,23,4.697,5.36191,6.67955,1.21084,2.61262e-06,0.0373139,23,4.697,5.36191,6.67955,1.21084,2.61262e-06,1,1,1
221,221,138,0.000,0.0507602,3,4.38576,5.02674,5.18699,0.655734,5.26069e-06,0.0507602,3,4.38576,5.02674,5.18699,0.655734,5.26069e-06,1,1,1
222,222,206,0.000,0.0287305,18,4.4353,4.8742,5.40391,1.57546,1.49787e-06,0.0287305,18,4.4353,4.8742,5.40391,1.57546,1.49787e-06,1,1,1
223,223,331,0.000,0.0754081,0,nan,nan,nan,0.512851,1.1939e-05,0.0754081,0,nan,nan,nan,0.512851,1.1939e-05,1,1,1
224,224,121,0.000,0.0538808,19,4.75797,5.63647,7.03164,1.09374,5.77362e-06,0.0538808,19,4.75797,5.63647,7.03164,1.09374,5.77362e-06,1,1,1
225,225,254,0.000,0.144495,35,9.11238,10.3447,11.0521,3.86758,4.03187e-05,0.144495,35,9.11238,10.3447,11.0521,3.86758,4.03187e-05,1,1,1
226,226,91,0.000,0.0720825,0,nan,nan,nan,0.436813,1.06987e-05,0.0720825,0,nan,nan,nan,0.436813,1.06987e-05,1,1,1
227,227,174,0.000,0.0493043,0,nan,nan,nan,0.396791,4.90638e-06,0.0493043,0,nan,nan,nan,0.396791,4.90638e-06,1,1,1
228,228,237,0.000,0.203084,30,5.31449,7.06161,8.22576,2.30023,7.53833e-05,0.203084,30,5.31449,7.06161,8.22576,2.30023,7.53833e-05,1,1,1
229,229,122,0.000,0.0584066,17,4.9076,5.63369,6.26439,1.14082,6.61212e-06,0.0584066,17,4.9076,5.63369,6.26439,1.14082,6.61212e-06,1,1,1
230,230,275,0.000,0.04179,14,4.52134,5.54481,6.81054,1.34289,3.21463e-06,0.04179,14,4.52134,5.54481,6.81054,1.34289,3.21463e-06,1,1,1
231,231,57,0.000,0.0220996,15,4.34008,5.62034,6.07882,1.51211,9.22456e-07,0.0220996,15,4.34008,5.62034,6.07882,1.51211,9.22456e-07,1,1,1
232,232,288,0.000,0.164266,3,6.00536,6.29702,6.36994,0.337757,5.84939e-05,0.164266,3,6.00536,6.29702,6.36994,0.337757,5.84939e-05,1,1,1
233,233,289,0.000,0.172896,6,5.4041,7.23693,7.2919,1.07321,5.74057e-05,0.172896,6,5.4041,7.23693,7.2919,1.07321,5.74057e-05,1,1,1
234,234,13,0.000,0.0349704,6,5.93685,7.17439,7.69511,0.510798,2.56795e-06,0.0349704,6,5.93685,7.17439,7.69511,0.510798,2.56795e-06,1,1,1
235,235,207,0.000,0.12368,27,7.702,9.58946,11.3033,3.24224,2.7408e-05,0.12368,27,7.702,9.58946,11.3033,3.24224,2.7408e-05,1,1,1
236,236,307,0.000,0.133597,7,5.04741,8.38176,9.70571,0.940111,3.75834e-05,0.133597,7,5.04741,8.38176,9.70571,0.940111,3.75834e-05,1,1,1
237,237,229,0.000,0.0564817,0,nan,nan,nan,0.692661,5.94291e-06,0.0564817,0,nan,nan,nan,0.692661,5.94291e-06,1,1,1
238,238,15,0.000,0.144145,20,4.88144,7.38767,8.79276,1.05678,4.13089e-05,0.144145,20,4.88144,7.38767,8.79276,1.05678,4.13089e-05,1,1,1
239,239,306,0.000,0.0644197,1,5.16874,5.16874,5.16874,0.742602,8.69799e-06,0.0644197,1,5.16874,5.16874,5.16874,0.742602,8.69799e-06,1,1,1
240,240,67,0.000,0.156471,34,5.33953,7.68334,9.39306,1.56743,5.00684e-05,0.156471,34,5.33953,7.68334,9.39306,1.56743,5.00684e-05,1,1,1
241,241,274,0.000,0.0124634,21,4.60381,6.91609,7.0167,3.7386,2.29897e-07,0.0124634,21,4.60381,6.91609,7.0167,3.7386,2.29897e-07,1,1,1
242,242,257,0.000,0.0183359,14,5.10984,5.83711,7.25013,2.3234,5.53076e-07,0.0183359,14,5.10984,5.83711,7.25013,2.3234,5.53076e-07,1,1,1
243,243,123,0.000,0.12621,12,5.33608,8.09225,10.0042,0.839456,3.3342e-05,0.12621,12,5.33608,8.09225,10.0042,0.839456,3.3342e-05,1,1,1
244,244,226,0.000,0.0171854,19,4.61012,6.19852,8.0627,2.26653,5.06973e-07,0.0171854,19,4.61012,6.19852,8.0627,2.26653,5.06973e-07,1,1,1
245,245,164,0.000,0.0499417,4,4.65225,5.70463,5.92814,0.504938,5.30778e-06,0.0499417,4,4.65225,5.70463,5.92814,0.504938,5.30778e-06,1,1,1
246,246,246,0.000,0.0343969,27,5.15231,6.00501,7.86739,1.60897,2.50449e-06,0.0343969,27,5.15231,6.00501,7.86739,1.60897,2.50449e-06,1,1,1
247,247,210,0.000,0.168806,35,4.76795,7.06837,8.47647,2.25214,5.24315e-05,0.168806,35,4.76795,7.06837,8.47647,2.25214,5.24315e-05,1,1,1
248,248,302,0.000,0.15471,48,7.55122,9.11868,10.3865,4.11892,4.5907e-05,0.15471,48,7.55122,9.11868,10.3865,4.11892,4.5907e-05,1,1,1
249,249,326,0.000,0.018645,14,4.36827,6.14314,7.43544,2.14817,6.30293e-07,0.018645,14,4.36827,6.14314,7.43544,2.14817,6.30293e-07,1,1,1
250,250,157,0.000,0.184835,5,5.48352,6.38311,6.40673,0.657972,7.09026e-05,0.184835,5,5.48352,6.38311,6.40673,0.657972,7.09026e-05,1,1,1
251,251,66,0.000,0.0457771,0,nan,nan,nan,0.615414,3.88891e-06,0.0457771,0,nan,nan,nan,0.615414,3.88891e-06,1,1,1
252,252,136,0.000,0.0145116,14,4.51267,5.03752,6.25786,2.633,3.19861e-07,0.0145116,14,4.51267,5.03752,6.25786,2.633,3.19861e-07,1,1,1
253,253,347,0.000,0.16183,28,6.77722,8.9209,9.50819,1.8153,5.71742e-05,0.16183,28,6.77722,8.9209,9.50819,1.8153,5.71742e-05,1,1,1
254,254,315,0.000,0.0629485,10,4.46456,5.00951,5.62218,0.741602,8.32892e-06,0.0629485,10,4.46456,5.00951,5.62218,0.741602,8.32892e-06,1,1,1
255,255,125,0.000,0.0464441,3,5.6194,6.1412,6.27165,0.530336,4.87759e-06,0.0464441,3,5.6194,6.1412,6.27165,0.530336,4.87759e-06,1,1,1
256,256,8,0.000,0.0268747,22,4.93067,6.34305,8.05714,2.59688,1.11234e-06,0.0268747,22,4.93067,6.34305,8.05714,2.59688,1.11234e-06,1,1,1
257,257,170,0.000,0.159385,29,5.95138,7.83223,8.67119,1.25438,5.62762e-05,0.159385,29,5.95138,7.83223,8.67119,1.25438,5.62762e-05,1,1,1
258,258,73,0.000,0.0406314,17,4.85594,5.85493,6.28866,0.826651,3.65035e-06,0.0406314,17,4.85594,5.85493,6.28866,0.826651,3.65035e-06,1,1,1
259,259,236,0.000,0.159744,19,4.63711,5.93869,8.23468,1.04467,5.48474e-05,0.159744,19,4.63711,5.93869,8.23468,1.04467,5.48474e-05,1,1,1
260,260,124,0.000,0.0488656,8,4.70355,5.26581,5.44564,0.889168,4.73826e-06,0.0488656,8,4.70355,5.26581,5.44564,0.889168,4.73826e-06,1,1,1
261,261,249,0.000,0.0687448,1,4.24989,4.24989,4.24989,0.565864,9.64168e-06,0.0687448,1,4.24989,4.24989,4.24989,0.565864,9.64168e-06,1,1,1
262,262,74,0.000,0.0446967,4,5.09848,5.80204,6.02571,0.58383,4.39281e-06,0.0446967,4,5.09848,5.80204,6.02571,0.58383,4.39281e-06,1,1,1
263,263,195,0.000,0.148002,13,4.6297,7.64074,9.59275,2.09734,3.73265e-05,0.148002,13,4.6297,7.64074,9.59275,2.09734,3.73265e-05,1,1,1
264,264,256,0.000,0.174011,37,6.91146,7.64097,8.28195,2.66346,5.74517e-05,0.174011,37,6.91146,7.64097,8.28195,2.66346,5.74517e-05,1,1,1
265,265,100,0.000,0.0179798,18,4.85057,5.73164,6.09143,1.80206,5.99485e-07,0.0179798,18,4.85057,5.73164,6.09143,1.80206,5.99485e-07,1,1,1
266,266,7,0.000,0.0269929,17,4.55814,5.13155,5.32178,1.53455,1.3984e-06,0.0269929,17,4.55814,5.13155,5.32178,1.53455,1.3984e-06,1,1,1
267,267,245,0.000,0.0620403,11,4.61443,5.10288,5.30364,0.639332,9.02072e-06,0.0620403,11,4.61443,5.10288,5.30364,0.639332,9.02072e-06,1,1,1
268,268,135,0.000,0.113714,24,5.49803,8.90212,10.41,1.76305,2.52468e-05,0.113714,24,5.49803,8.90212,10.41,1.76305,2.52468e-05,1,1,1
269,269,110,0.000,0.139257,22,4.7791,7.34388,9.2306,1.0661,4.1987e-05,0.139257,22,4.7791,7.34388,9.2306,1.0661,4.1987e-05,1,1,1
270,270,99,0.000,0.0720347,2,4.12801,4.20521,4.22451,0.514743,1.02716e-05,0.0720347,2,4.12801,4.20521,4.22451,0.514743,1.02716e-05,1,1,1
271,271,167,0.000,0.0419324,5,4.38532,4.95869,5.23507,0.541232,3.68703e-06,0.0419324,5,4.38532,4.95869,5.23507,0.541232,3.68703e-06,1,1,1
272,272,340,0.000,0.0184858,19,4.77097,6.02575,7.01473,1.70247,6.27696e-07,0.0184858,19,4.77097,6.02575,7.01473,1.70247,6.27696e-07,1,1,1
273,273,42,0.000,0.210553,28,5.29006,7.57122,8.25894,2.31552,8.3164e-05,0.210553,28,5.29006,7.57122,8.25894,2.31552,8.3164e-05,1,1,1
274,274,98,0.000,0.0366295,2,4.43739,4.57096,4.60435,0.607052,2.70466e-06,0.0366295,2,4.43739,4.57096,4.60435,0.607052,2.70466e-06,1,1,1
275,275,183,0.000,0.0222579,2,5.06734,5.351,5.42192,0.786439,9.53674e-07,0.0222579,2,5.06734,5.351,5.42192,0.786439,9.53674e-07,1,1,1
276,276,17,0.000,0.15264,5,6.22161,7.42408,7.74217,0.853661,4.57725e-05,0.15264,5,6.22161,7.42408,7.74217,0.853661,4.57725e-05,1,1,1
277,277,18,0.000,0.24876,11,5.43965,6.09305,6.49027,1.38674,0.000119696,0.24876,11,5.43965,6.09305,6.49027,1.38674,0.000119696,1,1,1
278,278,327,0.000,0.0406641,15,4.63799,5.01739,5.21737,0.604902,3.56637e-06,0.0406641,15,4.63799,5.01739,5.21737,0.604902,3.56637e-06,1,1,1
279,279,81,0.000,0.0273688,15,4.41781,5.68629,5.98445,1.32242,1.3772e-06,0.0273688,15,4.41781,5.68629,5.98445,1.32242,1.3772e-06,1,1,1
280,280,166,0.000,0.149614,8,5.91122,7.95643,7.95755,0.451854,4.86075e-05,0.149614,8,5.91122,7.95643,7.95755,0.451854,4.86075e-05,1,1,1
281,281,312,0.000,0.056706,6,4.66481,5.35081,5.74153,0.536515,6.62748e-06,0.056706,6,4.66481,5.35081,5.74153,0.536515,6.62748e-06,1,1,1
282,282,323,0.000,0.0479358,4,4.82211,5.39543,5.62607,0.439732,5.25842e-06,0.0479358,4,4.82211,5.39543,5.62607,0.439732,5.25842e-06,1,1,1
283,283,156,0.000,0.159345,30,7.34313,8.97951,10.0147,2.48906,5.14545e-05,0.159345,30,7.34313,8.97951,10.0147,2.48906,5.14545e-05,1,1,1
284,284,314,0.000,0.0670836,5,4.20253,4.59047,4.64413,0.583989,9.11504e-06,0.0670836,5,4.20253,4.59047,4.64413,0.583989,9.11504e-06,1,1,1
285,285,37,0.000,0.152925,41,8.67784,9.85722,11.2416,4.1826,4.21242e-05,0.152925,41,8.67784,9.85722,11.2416,4.1826,4.21242e-05,1,1,1
286,286,227,0.000,0.0634768,4,4.75987,5.46805,5.72512,0.712849,8.0195e-06,0.0634768,4,4.75987,5.46805,5.72512,0.712849,8.0195e-06,1,1,1
287,287,336,0.000,0.0305387,46,4.75126,5.72789,8.31225,2.30242,1.75735e-06,0.0305387,46,4.75126,5.72789,8.31225,2.30242,1.75735e-06,1,1,1
288,288,9,0.000,0.0190642,6,4.61858,5.09283,5.2422,1.7919,6.02167e-07,0.0190642,6,4.61858,5.09283,5.2422,1.7919,6.02167e-07,1,1,1
289,289,212,0.000,0.157579,37,4.94895,6.68187,8.11663,2.3612,4.59455e-05,0.157579,37,4.94895,6.68187,8.11663,2.3612,4.59455e-05,1,1,1
290,290,162,0.000,0.0448378,12,4.54172,4.9997,5.46285,0.762841,4.47739e-06,0.0448378,12,4.54172,4.9997,5.46285,0.762841,4.47739e-06,1,1,1
291,291,266,0.000,0.0187067,14,4.26544,5.01187,5.41391,1.61239,6.48712e-07,0.0187067,14,4.26544,5.01187,5.41391,1.61239,6.48712e-07,1,1,1
292,292,168,0.000,0.0586367,16,4.80819,5.5274,5.76035,0.925477,7.02883e-06,0.0586367,16,4.80819,5.5274,5.76035,0.925477,7.02883e-06,1,1,1
293,293,151,0.000,0.0394893,3,4.18537,4.24877,4.26462,1.13481,2.86749e-06,0.0394893,3,4.18537,4.24877,4.26462,1.13481,2.86749e-06,1,1,1
294,294,255,0.000,0.132351,27,5.24158,7.96216,9.1505,1.14164,3.77628e-05,0.132351,27,5.24158,7.96216,9.1505,1.14164,3.77628e-05,1,1,1
295,295,79,0.000,0.176781,38,6.45572,8.43426,12.0637,2.34486,6.76392e-05,0.176781,38,6.45572,8.43426,12.0637,2.34486,6.76392e-05,1,1,1
296,296,114,0.000,0.169029,26,4.92522,6.65078,8.91657,1.54731,5.59514e-05,0.169029,26,4.92522,6.65078,8.91657,1.54731,5.59514e-05,1,1,1
297,297,115,0.000,0.152809,49,6.93151,8.64982,10.6351,3.25333,4.5875e-05,0.152809,49,6.93151,8.64982,10.6351,3.25333,4.5875e-05,1,1,1
298,298,154,0.000,0.0368559,4,4.46791,5.38523,5.74578,0.891224,2.48358e-06,0.0368559,4,4.46791,5.38523,5.74578,0.891224,2.48358e-06,1,1,1
299,299,284,0.000,0.0127039,12,4.8167,8.12465,8.58009,5.01141,1.99205e-07,0.0127039,12,4.8167,8.12465,8.58009,5.01141,1.99205e-07,1,1,1
300,300,233,0.000,0.15773,32,6.64361,8.3982,10.2423,2.40618,4.67561e-05,0.15773,32,6.64361,8.3982,10.2423,2.40618,4.67561e-05,1,1,1
301,301,106,0.000,0.0372931,26,4.78334,6.0368,6.39051,1.15,3.05442e-06,0.0372931,26,4.78334,6.0368,6.39051,1.15,3.05442e-06,1,1,1
302,302,128,0.000,0.0293914,8,5.69666,6.36359,6.7393,1.63423,1.47448e-06,0.0293914,8,5.69666,6.36359,6.7393,1.63423,1.47448e-06,1,1,1
303,303,172,0.000,0.0118766,16,4.78965,5.95867,6.55026,4.84459,1.86542e-07,0.0118766,16,4.78965,5.95867,6.55026,4.84459,1.86542e-07,1,1,1
304,304,143,0.000,0.0192882,9,4.31176,5.1701,5.28138,1.00504,7.63929e-07,0.0192882,9,4.31176,5.1701,5.28138,1.00504,7.63929e-07,1,1,1
305,305,152,0.000,0.148269,25,4.7899,7.80207,9.7867,1.01883,4.82945e-05,0.148269,25,4.7899,7.80207,9.7867,1.01883,4.82945e-05,1,1,1
306,306,161,0.000,0.0205623,25,4.50883,5.53395,7.52602,1.7602,8.57376e-07,0.0205623,25,4.50883,5.53395,7.52602,1.7602,8.57376e-07,1,1,1
307,307,202,0.000,0.0267992,2,4.47085,4.60483,4.63833,1.88476,1.07656e-06,0.0267992,2,4.47085,4.60483,4.63833,1.88476,1.07656e-06,1,1,1
308,308,253,0.000,0.0366348,0,nan,nan,nan,0.750787,2.53057e-06,0.0366348,0,nan,nan,nan,0.750787,2.53057e-06,1,1,1
309,309,107,0.000,0.158575,13,5.34868,8.75117,9.4689,1.1234,5.17332e-05,0.158575,13,5.34868,8.75117,9.4689,1.1234,5.17332e-05,1,1,1
310,310,129,0.000,0.0207698,13,4.55667,6.68002,6.93156,2.10604,7.77805e-07,0.0207698,13,4.55667,6.68002,6.93156,2.10604,7.77805e-07,1,1,1
311,311,200,0.000,0.0235942,2,4.50059,4.67149,4.71422,2.01138,8.53202e-07,0.0235942,2,4.50059,4.67149,4.71422,2.01138,8.53202e-07,1,1,1
312,312,85,0.000,0.0380544,7,4.38712,5.68829,6.79068,1.25745,2.65265e-06,0.0380544,7,4.38712,5.68829,6.79068,1.25745,2.65265e-06,1,1,1
313,313,243,0.000,0.022514,14,4.64436,6.52505,6.65879,2.18622,8.28994e-07,0.022514,14,4.64436,6.52505,6.65879,2.18622,8.28994e-07,1,1,1
314,314,31,0.000,0.142426,6,5.39119,7.40575,7.59669,0.586556,4.22066e-05,0.142426,6,5.39119,7.40575,7.59669,0.586556,4.22066e-05,1,1,1
315,315,259,0.000,0.126738,18,4.92515,8.10831,9.27335,1.67737,2.77383e-05,0.126738,18,4.92515,8.10831,9.27335,1.67737,2.77383e-05,1,1,1
316,316,104,0.000,0.0291751,5,4.82129,5.1935,5.29615,1.16206,1.58622e-06,0.0291751,5,4.82129,5.1935,5.29615,1.16206,1.58622e-06,1,1,1
317,317,215,0.000,0.0584399,5,4.46798,4.83072,5.04669,0.628831,6.81211e-06,0.0584399,5,4.46798,4.83072,5.04669,0.628831,6.81211e-06,1,1,1
318,318,163,0.000,0.0456323,4,4.36761,5.00086,5.15303,1.05055,3.87566e-06,0.0456323,4,4.36761,5.00086,5.15303,1.05055,3.87566e-06,1,1,1
319,319,216,0.000,0.0650553,6,4.82695,5.33873,5.34631,0.757706,8.46339e-06,0.0650553,6,4.82695,5.33873,5.34631,0.757706,8.46339e-06,1,1,1
320,320,217,0.000,0.17173,16,4.71568,6.98438,10.84,1.56725,5.30555e-05,0.17173,16,4.71568,6.98438,10.84,1.56725,5.30555e-05,1,1,1
321,321,293,0.000,0.0161019,29,4.63104,5.43094,6.4786,3.84376,3.82744e-07,0.0161019,29,4.63104,5.43094,6.4786,3.84376,3.82744e-07,1,1,1
322,322,344,0.000,0.180101,29,5.64052,7.46545,8.34769,2.40206,5.80199e-05,0.180101,29,5.64052,7.46545,8.34769,2.40206,5.80199e-05,1,1,1
323,323,130,0.000,0.0378999,27,5.10641,5.99433,6.69654,1.36159,2.68248e-06,0.0378999,27,5.10641,5.99433,6.69654,1.36159,2.68248e-06,1,1,1
324,324,71,0.000,0.0189071,16,4.75038,6.77358,7.07024,2.66424,6.17979e-07,0.0189071,16,4.75038,6.77358,7.07024,2.66424,6.17979e-07,1,1,1
325,325,101,0.000,0.0128299,13,4.85051,5.98436,6.53303,4.6114,2.31455e-07,0.0128299,13,4.85051,5.98436,6.53303,4.6114,2.31455e-07,1,1,1
326,326,282,0.000,0.0786264,0,nan,nan,nan,0.0939615,1.46275e-05,0.0786264,0,nan,nan,nan,0.0939615,1.46275e-05,1,1,1
327,327,231,0.000,0.105312,139,4.89057,8.98143,9.90566,0.308796,0.000130265,0.106403,138,4.89119,8.9853,9.89841,0.308765,0.000132785,1,1,1
328,328,292,0.000,0.0506787,3,4.4635,4.68581,4.74138,0.97118,5.00315e-06,0.0506787,3,4.4635,4.68581,4.74138,0.97118,5.00315e-06,1,1,1
329,329,318,0.000,0.0409312,7,4.52241,5.41269,5.69349,0.985004,3.25709e-06,0.0409312,7,4.52241,5.41269,5.69349,0.985004,3.25709e-06,1,1,1
330,330,52,0.000,0.216275,5,5.14804,5.45742,5.59129,0.707582,9.50951e-05,0.216275,5,5.14804,5.45742,5.59129,0.707582,9.50951e-05,1,1,1
331,331,267,0.000,0.0506826,0,nan,nan,nan,0.100916,6.45149e-06,0.0506826,0,nan,nan,nan,0.100916,6.45149e-06,1,1,1
332,332,247,0.000,0.0521151,3,4.20665,4.4176,4.47034,0.650827,5.66093e-06,0.0521151,3,4.20665,4.4176,4.47034,0.650827,5.66093e-06,1,1,1
333,333,280,0.000,0.0580618,6,4.62091,5.19324,5.23814,0.603718,6.87449e-06,0.0580618,6,4.62091,5.19324,5.23814,0.603718,6.87449e-06,1,1,1
334,334,1,0.000,0.0363463,10,4.46325,4.82177,5.99042,0.897874,2.72927e-06,0.0363463,10,4.46325,4.82177,5.99042,0.897874,2.72927e-06,1,1,1
335,335,44,0.000,0.0436208,1,4.10946,4.10946,4.10946,1.07582,3.33117e-06,0.0436208,1,4.10946,4.10946,4.10946,1.07582,3.33117e-06,1,1,1
336,336,63,0.000,0.0656832,0,nan,nan,nan,0.359468,9.43499e-06,0.0656832,0,nan,nan,nan,0.359468,9.43499e-06,1,1,1
337,337,86,0.000,0.0191605,14,4.31189,4.8784,5.50604,1.77414,6.16877e-07,0.0191605,14,4.31189,4.8784,5.50604,1.77414,6.16877e-07,1,1,1
338,338,64,0.000,0.0621985,13,4.37718,5.46262,5.92326,1.02195,7.88445e-06,0.0621985,13,4.37718,5.46262,5.92326,1.02195,7.88445e-06,1,1,1
339,339,131,0.000,0.0477674,8,4.98468,5.73886,5.84807,0.596662,4.61274e-06,0.0477674,8,4.98468,5.73886,5.84807,0.596662,4.61274e-06,1,1,1
340,340,45,0.000,0.0424704,4,4.2919,4.62466,4.72897,1.34672,3.08282e-06,0.0424704,4,4.2919,4.62466,4.72897,1.34672,3.08282e-06,1,1,1
341,341,263,0.000,0.0390533,24,4.72534,5.5574,6.54455,1.2114,3.09089e-06,0.0390533,24,4.72534,5.5574,6.54455,1.2114,3.09089e-06,1,1,1
342,342,208,0.000,0.0512277,1,4.32166,4.32166,4.32166,0.645043,5.09541e-06,0.0512277,1,4.32166,4.32166,4.32166,0.645043,5.09541e-06,1,1,1
343,343,328,0.000,0.178723,40,6.37853,8.15359,9.4847,3.04072,5.61279e-05,0.178723,40,6.37853,8.15359,9.4847,3.04072,5.61279e-05,1,1,1
344,344,194,0.000,0.16524,25,4.73427,7.08477,8.46386,2.01232,5.00838e-05,0.16524,25,4.73427,7.08477,8.46386,2.01232,5.00838e-05,1,1,1
345,345,0,0.000,0.0327193,24,4.53081,5.18898,5.39471,1.0124,2.22033e-06,0.0327193,24,4.53081,5.18898,5.39471,1.0124,2.22033e-06,1,1,1
346,346,96,0.000,0.0438672,2,4.90554,5.26587,5.35595,0.90877,3.64098e-06,0.0438672,2,4.90554,5.26587,5.35595,0.90877,3.64098e-06,1,1,1
347,347,158,0.000,0.14294,7,6.48746,7.86287,8.72244,1.08242,4.05784e-05,0.14294,7,6.48746,7.86287,8.72244,1.08242,4.05784e-05,1,1,1
348,348,348,0.000,0.0298454,15,4.6445,5.5826,5.91508,0.762247,1.93612e-06,0.0298454,15,4.6445,5.5826,5.91508,0.762247,1.93612e-06,1,1,1
349,349,139,0.000,0.0315275,2,4.40578,4.55765,4.59561,0.907501,1.92642e-06,0.0315275,2,4.40578,4.55765,4.59561,0.907501,1.92642e-06,1,1,1
350,350,80,0.000,0.0464874,2,4.48166,4.74293,4.80825,0.888068,4.05269e-06,0.0464874,2,4.48166,4.74293,4.80825,0.888068,4.05269e-06,1,1,1
